id,degree,name
859,1933,CAPTAIN AMERICA
5306,1741,SPIDER-MAN/PETER PAR
2664,1528,IRON MAN/TONY STARK 
5716,1426,THING/BENJAMIN J. GR
6306,1394,WOLVERINE/LOGAN 
3805,1386,MR. FANTASTIC/REED R
2557,1371,HUMAN TORCH/JOHNNY S
4898,1345,SCARLET WITCH/WANDA 
5736,1289,THOR/DR. DONALD BLAK
403,1280,BEAST/HENRY &HANK& P
6066,1263,VISION 
2650,1244,INVISIBLE WOMAN/SUE 
2399,1176,HAWK
1289,1104,CYCLOPS/SCOTT SUMMER
5467,1095,STORM/ORORO MUNROE S
133,1094,ANGEL/WARREN KENNETH
6148,1093,WASP/JANET VAN DYNE 
154,1092,ANT-MAN/DR. HENRY J.
5046,1080,SHE-HULK/JENNIFER WA
1602,1079,DR. STRANGE/STEPHEN 
2548,1066,HULK/DR. ROBERT BRUC
6313,1055,WONDER MAN/SIMON WIL
1127,1045,COLOSSUS II/PETER RA
4366,1042,PROFESSOR X/CHARLES 
3495,1029,MARVEL GIRL/JEAN GRE
2449,1014,HERCULES [GREEK GOD]
2971,987,"JARVIS, EDWIN "
5516,978,SUB-MARINER/NAMOR MA
1347,971,DAREDEVIL/MATT MURDO
2603,966,ICEMAN/ROBERT BOBBY 
545,938,BLACK WIDOW/NATASHA 
2016,922,"FURY, COL. NICHOLAS "
2959,920,"JAMESON, J. JONAH"
4454,878,QUICKSILVER/PIETRO M
3950,857,NIGHTCRAWLER/KURT WA
4726,853,ROGUE /
2397,809,HAVOK/ALEX SUMMERS 
6166,800,"WATSON-PARKER, MARY "
522,754,BLACK KNIGHT V/DANE 
4441,736,QUASAR III/WENDELL V
5002,718,SHADOWCAT/KATHERINE 
4395,717,PSYLOCKE/ELISABETH B
533,711,BLACK PANTHER/T'CHAL
1265,705,CRYSTAL [INHUMAN]
3994,703,NOVA/RICHARD RIDER
5121,668,SILVER SURFER/NORRIN
1582,658,DR. DOOM/VICTOR VON 
4704,643,"ROBERTSON, JOE"
854,641,CANNONBALL II/SAM GU
4650,638,"RICHARDS, FRANKLIN B"
1892,620,FIRESTAR/ANGELICA JO
2040,619,GAMBIT/REMY LEBEAU 
3889,610,NAMORITA/NITA PRENTI
824,607,"CAGE, LUKE/CARL LUCA"
5978,590,USAGENT/CAPTAIN JOHN
3757,589,MOONDRAGON/HEATHER D
5525,585,"SUMMERS, NATHAN CHRI"
4289,581,POLARIS/LORNA DANE
4978,581,SERSI/SYLVIA
2658,550,IRON FIST/DANIEL RAN
5768,542,THUNDERSTRIKE/ERIC K
1805,541,FALCON/SAM WILSON
1165,539,"COOPER, DR. VALERIE"
3035,539,"JONES, RICHARD MILHO"
491,537,BINARY/CAROL DANVERS
875,532,CAPTAIN MARVEL II/MO
6300,529,WOLFSBANE/RAHNE SINC
3363,526,MAGNETO/MAGNUS/ERIC 
5931,526,UATU
3712,522,MOCKINGBIRD/DR. BARB
5776,516,TIGRA/GREER NELSON
5294,512,SPEEDBALL/ROBBIE BAL
5540,511,SUNSPOT/ROBERTO DACO
340,502,BANSHEE/SEAN CASSIDY
3918,497,"NELSON, FRANKLIN FOG"
1657,494,"DUGAN, TIMOTHY ALOYI"
1587,489,DR. DRUID/ANTHONY LU
3066,489,JUSTICE II/VANCE AST
4155,488,"PARKER, MAY"
4415,484,PUNISHER II/FRANK CA
1959,482,FORGE
4860,482,SASQUATCH/WALTER LAN
2666,465,IRON MAN IV/JAMES R.
867,460,CAPTAIN BRITAIN/BRIA
5388,457,STARFOX/EROS
3329,452,"MACTAGGERT, MOIRA KI"
5762,451,THUNDERBIRD II/JAMES
3594,449,MEDUSA/MEDUSALITH AM
424,446,BEETLE/ABNER RONALD 
2728,445,KARNAK [INHUMAN]
505,444,BLACK BOLT/BLACKANTO
6316,444,WONG
2811,442,KINGPIN/WILSON FISK
2184,439,GORGON [INHUMAN]
3530,439,"MASTERS, ALICIA REIS"
3750,439,MOON KNIGHT/MARC SPE
3055,436,JUBILEE/JUBILATION L
649,435,BOOMER/TABITHA SMITH
4935,432,SCREAMING MIMI/MELIS
3765,429,MOONSTONE II/KARLA S
5013,428,SHAMAN/MICHAEL TWOYO
3245,425,LOKI [ASGARDIAN]
3989,424,NORTHSTAR/JEAN-PAUL 
595,423,BLOB/FRED J. DUKES
4045,423,ODIN [ASGARDIAN]
4318,421,POWER MAN/ERIK JOSTE
5874,420,TRITON
2544,416,"HUDSON, HEATHER"
5310,415,SPIDER-WOMAN II/JULI
3135,414,"LEEDS, BETTY BRANT"
2031,411,GALACTUS/GALAN
155,410,ANT-MAN II/SCOTT HAR
274,410,AURORA/JEANNE-MARIE 
5970,407,"URICH, BEN"
3691,398,MIRAGE II/DANIELLE M
4240,397,PHOENIX III/RACHEL S
3233,395,LOCKJAW [INHUMAN]
3624,395,MEPHISTO
3868,395,MYSTIQUE/RAVEN DARKH
1818,393,FANDRAL [ASGARDIAN]
2506,393,HOGUN [ASGARDIAN]
6216,393,WHITE QUEEN/EMMA FRO
2297,392,"GYRICH, HENRY PETER"
3986,389,"NORRISS, SISTER BARB"
5705,387,THANOS
3949,384,NIGHT THRASHER/DUANE
4228,382,PHARAOH RAMA-TUT
4398,381,PUCK/EUGENE MILTON J
5099,380,SIF
5535,379,SUNFIRE/SHIRO YOSHID
4839,377,SANDMAN/WILLIAM BAKE
1383,376,DAZZLER II/ALLISON B
3208,372,LIVING LIGHTNING/MIG
5146,366,SIRYN/THERESA ROURKE
2430,365,HELLCAT/PATSY WALKER
500,359,BISHOP /
2354,359,"HARKNESS, AGATHA"
1365,356,DARKHAWK/CHRIS POWEL
5308,355,SPIDER-MAN CLONE/BEN
323,352,BALDER [ASGARDIAN]
6084,350,VOLSTAGG
5732,349,"THOMPSON, EUGENE FLA"
5485,347,STRONG GUY/GUIDO CAR
337,344,"BANNER, BETTY ROSS T"
2558,342,HUMAN TORCH ANDROID/
1062,337,CITIZEN V II/HELMUT 
3188,335,LILANDRA NERAMANI [S
2466,334,HIGH EVOLUTIONARY/HE
920,333,"CARTER, PEGGY"
1551,333,DOMINO III/BEATRICE/
2842,333,"KNIGHT, MISTY"
2931,332,JACK OF HEARTS/JACK 
2689,330,KA-ZAR/KEVIN PLUNDER
1369,329,DARKSTAR/LAYNIA SERG
1773,329,ETERNITY/ADAM QADMON
4759,329,"ROSS, GEN. THADDEUS "
3231,324,LOCKHEED
4088,321,"OSBORN, LIZ ALLAN"
1739,319,ENCHANTRESS/AMORA/HE
1634,318,DRAX/ARTHUR DOUGLAS
3601,316,MEGGAN
3995,316,NOVA II/FRANKIE RAYE
3836,315,MULTIPLE MAN/JAMES A
6140,315,WARLOCK II/ADAM WARL
4647,311,RHINO
1535,304,DOC SAMSON/DR. LEONA
2273,304,GUARDIAN/JAMES MACDO
1299,302,CYPHER/DOUG RAMSEY
2958,302,"JAMESON, COL. JOHN "
508,301,BLACK CAT/FELICIA HA
4132,300,PALADIN/PAUL DENNIS
3388,299,MAKKARI/MIKE KHARY/I
5778,299,"TILBY, TRISH/PATRICI"
4427,298,PYRO/ALLERDYCE JOHNN
1908,296,FIXER II/PAUL NORBER
2124,296,GHOST RIDER III/DAN 
3724,296,MOLE MAN/HARVEY RUPE
5309,294,SPIDER-WOMAN/JESSICA
2423,292,HELA [ASGARDIAN]
4125,289,"PAGE, KAREN"
3015,286,JOLT/HALLIE TAKAHAMA
5446,284,STINGRAY/DR. WALTER 
4024,283,"O'BRIEN, MICHAEL"
3059,282,JUGGERNAUT/CAIN MARK
3829,282,MS. MARVEL II/SHARON
710,281,"BRIDGE, GEORGE WASHI"
1718,281,ELECTRO/MAX DILLON
5999,281,VANGUARD/NICOLAI KRY
1402,280,DEATH
4481,280,RAGE/ELVIN DARYL HAL
5021,279,SHANNA/SHANNA O'HARA
6141,279,WARLOCK III
284,277,AVALANCHE/DOMINIC PE
2438,277,HELLSTORM/DAIMON HEL
6160,277,"WATSON, ANNA"
16,275,ABSORBING MAN/CARL C
4805,273,SABRETOOTH/VICTOR CR
2123,271,GHOST RIDER II/JOHNN
4607,270,REDWING
2824,268,KLAW/ULYSSES KLAW
2203,266,"GRANT, GLORIA GLORY"
3359,265,MAGIK/ILLYANA RASPUT
516,264,BLACK KING/SEBASTIAN
1084,263,CLOAK/TYRONE JOHNSON
2069,263,GARGOYLE II/ISAAC CH
2799,263,"KINCAID, DR. JANE FO"
2096,262,GEE/ALEX POWER
2218,262,GREEN GOBLIN/NORMAN 
172,261,APOCALYPSE/EN SABAH 
1385,261,"DE LA FONTAINE, CONT"
2503,260,"HOGAN, VIRGINIA PEPP"
3302,259,LYJA LAZERFIST [SKRU
921,258,"CARTER, SHARON"
6351,258,X-MAN/NATHAN GREY 
2422,257,HEIMDALL [ASGARDIAN]
3319,257,MACHINE MAN/X-51
2614,254,IKARIS/IKE HARRIS [E
6241,254,WILD CHILD/KYLE GIBN
1155,253,CONSTRICTOR/FRANK PA
4599,253,RED SKULL/JOHANN SCH
5110,253,SILHOUETTE
5795,253,TITANIA II/MARY SKEE
3956,252,NIGHTHAWK II/KYLE RI
2960,251,"JAMESON, MARLA MADIS"
5524,251,"SUMMERS, MADELYNE MA"
1319,250,DAGGER/TANDY BOWEN
874,246,CAPTAIN MARVEL/CAPTA
1077,246,CLEA
5250,244,SNOWBIRD/NARYA/ANNE 
5899,244,TURBO II (A)/MICHIKO
6291,244,WIZARD/BENTLEY WITTM
4087,243,"OSBORN, HARRY"
2052,242,ÁGAMORA
3470,242,MARROW/SARAH 
6402,242,ZABU
4731,241,"ROM, SPACEKNIGHT"
3296,239,LUNA/LUNA MAXIMOFF [
4261,239,PIP/PRINCE GOFERN
472,238,BETA RAY BILL
5555,238,SUPREME INTELLIGENCE
5800,238,TOAD/MORTIMER TOYNBE
478,236,BEYONDER
1503,236,DIAMONDBACK II/RACHE
650,235,BOOMERANG/FRED MYERS
1097,235,COBRA/KLAUS VORHEES
2582,235,HUSK/PAIGE GUTHRIE
1063,234,CITIZEN V III/DALLAS
6273,234,"WING, COLLEEN"
1381,233,DAYTRIPPER/AMANDA SE
5707,233,THENA
1594,232,DR. OCTOPUS/OTTO OCT
1011,231,CHARCOAL/CHARLIE BUR
4661,230,RICTOR/JULIO ESTEBAN
6056,229,VIPER II
1467,228,DESTINY II/IRENE ADL
4417,228,PUPPET MASTER/PHILLI
4804,228,SABRA/RUTH BAT-SERAP
5165,228,SKIN/ANGELO ESPINOSA
5849,228,TRAPSTER/PETER PETRU
6341,228,WRECKER III/DIRK GAR
328,225,"BALLANTINE, KAYLA"
3023,225,"JONES, GABE"
5834,224,TORPEDO III/BROCK JO
2142,222,GLADIATOR II
3250,222,LONGSHOT
2502,221,"HOGAN, HAROLD J. HAP"
3419,221,MANDARIN
6432,220,ZEUS
3373,218,MAGUS
4589,218,RED GHOST/IVAN KRAGO
3008,217,JOCASTA
5583,216,SYNCH/EVERETT THOMAS
5722,215,THINKER
2588,214,HYDROMAN/MORRIE BENC
5034,214,SHATTERSTAR II/GAVEE
831,213,CALIBAN/
2760,212,"KELLY, SEN. ROBERT E"
5760,212,THUNDERBALL/DR. ELIO
1197,211,COUNTERWEIGHT II/KAT
1876,211,FIREBIRD/BONITA JUAR
991,210,CHAMBER/JONOTHON STA
4188,210,PEATOR
6006,210,VASHTI
3134,209,LEECH
1397,208,DEADPOOL/JACK/WADE W
2613,208,IGOR
3662,208,MIKHLO
3705,208,MISTER HYDE/CALVIN Z
361,206,BARON STRUCKER/WOLFG
1177,206,"CORBEAU, DR. PETER"
1891,206,FIRELORD/PYREUS KRIL
3294,206,"LUMPKIN, WILLIAM WIL"
3347,206,"MADDICKS, ARTHUR ART"
5317,206,SPIRAL
6206,206,WHIPLASH/MARK SCARLO
3984,205,NOMAD III/JACK MONRO
5159,204,"SITWELL, JASPER"
5868,204,TRIATHLON/DELROY GAR
6208,204,WHIRLWIND/DAVID CANN
1407,203,DEATHBIRD [SHI'AR]
1188,201,CORSAIR
1787,201,EXECUTIONER II/SKURG
6227,201,WHIZZER/ROBERT L. FR
1196,200,COUNTERWEIGHT/JACK P
3187,200,LIGHTSPEED/JULIE POW
3515,200,MASTER MOLD II
5118,200,SILVER SABLE
3360,199,MAGMA/AMARA AQUILLA/
5375,198,"STANKOWICZ, FABIAN"
895,197,CARGIL/JOANNA CARGIL
269,196,ATTUMA
6196,196,WEREWOLF BY NIGHT/JA
837,195,CALLISTO
2199,195,GRANDMASTER/EN DWI G
2819,195,KISMET/J'RIDIA STARD
6099,193,VULTURE/ADRIAN TOOME
66,192,AJAK/TECUMOTZIN [ETE
1887,191,FIREFIST/RUSTY COLLI
2496,191,HOBGOBLIN V/JASON PH
5775,191,TIGER SHARK/TODD ARL
1412,190,DEATHLOK III/MICHAEL
2726,190,KARMA/XI'AN COY MANH
5164,190,SKIDS/SALLY BLEVINS
2592,189,HYPERION
3822,189,MR. SINISTER/NATHAN 
6072,189,VIZIER
3331,188,MAD DOG/COLONEL BUZZ
3415,188,MAN-THING/THEODORE T
10,187,ABOMINATION/EMIL BLO
188,187,"ARBOGAST, BAMBI"
1962,187,FORGOTTEN ONE/GILGAM
3122,187,LEADER/SAM STERNS
4754,187,"ROSENTHAL, BERNIE"
2731,186,KARNILLA [ASGARDIAN]
514,185,BLACK GOLIATH/DR. WI
2295,185,GYPSY MOTH
4959,185,SELENE
3211,184,LIVING TRIBUNAL
4252,184,PILEDRIVER II/BRIAN 
4353,184,PRINCESS PYTHON/ZELD
1118,183,COLLECTOR/TANELEER T
4682,183,RINGMASTER/MAYNARD T
5942,183,ULTRON
1356,182,DARK BEAST/HENRY MCC
2083,182,GATEWAY
5119,182,SILVER SAMURAI/KENYU
1224,181,CRIMSON COWL II/
3132,181,"LEE, STAN"
3136,181,"LEEDS, NED"
1599,180,DR. SPECTRUM/JOSEPH 
3716,180,MODOK/GEORGE TARLETO
731,179,BROTHER VOODOO/DANIE
1847,178,FERAL/MARIA CALLASAN
5547,178,SUPER SKRULL/KL'RT
767,177,BULLDOZER/HENRY CAMP
3031,176,"JONES, MARLO CHANDLE"
4090,176,"OSBORN, NORMIE"
5706,176,THANOS DOPPELGANGER
5973,176,URSA MAJOR/MIKHAIL U
381,175,BATROC/GEORGES BATRO
4741,175,RONAN THE ACCUSER [K
5066,175,SHIP
5088,175,SHROUD/MAXIMILLIAN Q
6003,175,VAPOR
970,173,CH'OD
2764,172,"KENT, CLARK"
4563,172,RAZA LONGKNIFE
6228,172,WHIZZER II/STANLEY S
208,171,ARISHEM [CELESTIAL]
528,171,BLACK MAMBA/TANYA SE
592,171,BLITZKRIEG/
1449,171,DEMOLITION MAN/DENNI
3606,171,MELTER/BRUNO HORGAN
1231,170,CRIMSON DYNAMO V/DIM
183,169,ARABIAN KNIGHT/ABDUL
1496,169,DIABLO/ESTEBAN DE AB
3806,169,MR. FANTASTIC DOPPEL
4274,169,PLANTMAN/SAM SMITHER
5280,169,"SOUTHERN, CANDY"
5616,169,TALISMAN II/ELIZABET
1622,167,DRAGONFLY/VERONICA D
2237,167,"GREY, DR. JOHN"
5017,167,SHAMROCK/MOLLY FITZG
108,166,ANACONDA/BLANCHE SIT
5401,166,STARSHINE II/BRANDY 
5498,166,"STRUCKER, ANDREAS"
5622,166,"TANAKA, KENJIRO"
5692,165,TESSA
3406,164,MAM'SELLE HEPZIBAH
3544,164,MAXIMUS [INHUMAN]
5458,164,"STONE, LT. MARCUS"
5497,164,"STRUCKER, ANDREA"
5960,164,UNION JACK III/JOEY 
6283,164,"WISDOM, PETER"
576,163,BLAQUESMITH
4197,163,PENANCE/MONET ST. CR
2119,162,GHAUR [DEVIANT]
4322,162,"POWER, DR. JIM"
4591,162,RED GUARDIAN III/DR.
4707,162,"ROBERTSON, RANDY"
3212,161,LIZARD/DR. CURTIS CO
5696,161,TEXAS TWISTER/DREW D
1480,159,DEVIL-SLAYER/ERIC SI
6000,159,VANISHER
3726,158,MOLECULE MAN/OWEN RE
3865,158,MYSTERIO/QUENTIN BEC
5358,158,"STACY, JILL"
387,157,BATTLESTAR/LEMAR HOS
2800,157,"KINCAID, DR. KEITH"
3619,157,MENTOR/ALARS [ETERNA
6019,157,VENOM/EDDIE BROCK
3120,156,"LE FEY, MORGAN"
4875,156,SAURON/DR. KARL LYKO
5574,156,SWORDSMAN/JACQUES DU
6155,154,WATER WIZARD/PETE
1273,153,"CUSHING, KATE"
1750,153,EPOCH
5587,153,"SZARDOS, MARGALI"
191,152,ARCANNA/ARCANNA JONE
247,152,ASP II/CLEO
638,152,BOLT II/CHRIS BRADLE
1029,152,"CHENEY, LILA"
2028,152,GAEA
2328,152,"HAMMER, JUSTIN"
6438,152,ZIRAN
1696,151,EGO
4074,151,ORACLE/LADY SIBYL
5127,151,SILVERMANE/SILVIO MA
5763,151,THUNDERBIRD III/NEAL
672,150,BOX IV/MADISON JEFFR
1613,150,DRACULA/VLAD TEPES
4383,150,PROWLER/HOBIE BROWN
4888,150,SCANNER II
1571,149,DORMAMMU
2669,149,IRON MAN DOPPELGANGE
3636,149,"MERRYWEATHER, IRENE"
4325,149,"POWER, MARGARET"
6275,149,"WINGFOOT, WYATT"
3279,148,"LUBENSKI, NATE"
3955,148,NIGHTHAWK/KYLE RICHM
4705,148,"ROBERTSON, MARTHA"
6229,148,WHIZZER III/JAMES SA
1689,147,EEL II/EDWARD LAVELL
2894,147,KRISTOFF/KRISTOFF VE
3440,147,MANTIS/? BRANDT
5106,147,"SIKORSKY, RAYMOND"
4603,146,RED WOLF III/WILL TA
4685,146,RINTRAH
5072,146,SHOCKER/HERMAN SCHUL
2896,145,KRO [DEVIANT]
3100,145,"LANG, CASSANDRA CASS"
3410,145,MAN-KILLER/KATRINA L
4239,145,PHOENIX II
4282,145,PLUTO [OLYMPIAN]
4733,145,ROMA
5817,145,TOMBSTONE/LONNIE THO
1191,144,"CORTEZ, FABIAN"
2235,144,GREY GARGOYLE/PAUL P
3020,144,"JONES, CHARLOTTE"
1649,143,"DRUMM, JERICHO"
1677,143,EBONY
2723,143,KARKAS [DEVIANT]
3143,143,LEGION II/DAVID HALL
4453,143,QUICKSAND
876,142,CAPTAIN MARVEL III/G
2238,142,"GREY, ELAINE"
2331,142,HAMMERHEAD
2670,142,IRONCLAD
3507,142,MASTER/ESHU
3525,142,MASTERMIND/JASON WYN
3959,142,NIGHTMARE/EDVARD HAB
5840,142,"TOWER, BLAKE"
5986,142,VALINOR
6079,142,VOLCANA/MARSHA ROSEN
2881,141,KRAVEN THE HUNTER/SE
3307,141,M
4976,141,SERGEI
666,140,BOVA
1195,140,"COUNT NEFARIA, LUCHI"
3334,140,MADAME MASQUE/GIULIE
4302,140,PORCUPINE/ALEX GENTR
4593,140,RED GUARDIAN V
5477,140,STRANGER
132,139,ANGAR THE SCREAMER/D
195,139,ARCLIGHT/PHILLIPA SO
1088,139,CLOWN/CRAFTY ELIOT F
3576,139,"MCLAREN, MEGAN"
4800,139,S'YM
6353,139,X-RAY
544,138,BLACK TOM CASSIDY
1116,138,COLLECTIVE MAN
1794,138,EXODUS/BENNET DUPARI
2051,138,GAMMENON [CELESTIAL]
4758,138,"ROSS, EVERETT KENNET"
5193,138,SLEEPWALKER
339,137,"BANNON, LANCE"
967,137,CERISE II [SHI'AR]
1425,137,DEFENSOR
4204,137,"PEREGRINE, LE/FRANCK"
6012,137,VECTOR
1189,136,"CORSI, TOM"
2672,136,ISAAC
4929,136,SCOURGE
5576,136,SWORDSMAN III/PHILIP
6075,136,"VOGHT, AMELIA"
2504,135,"HOGARTH, JERYN"
3264,135,LORD CHAOS
3625,135,"MERCADO, JOY"
6031,135,VERTIGO II
2494,134,HOBGOBLIN II/RODERIC
2623,134,IMPOSSIBLE MAN
4438,134,"QUARTERMAIN, CLAY"
4473,134,RADIOACTIVE MAN/DR. 
6146,134,WARSTAR
419,133,BEDLAM/JESSE AARONSO
3045,133,JOSEPH
3081,133,LADY LARK/LINDA LEWI
5500,133,STRYFE
4621,132,REJECT/RAN-SAK [DEVI
5480,132,STRIDER
1469,131,DESTROYER III
2693,131,KAINE
1247,130,CROSSBONES/BROCK BIN
1748,130,EON
1988,130,"FREEMAN, DUANE JEROM"
3506,130,MASQUE
4247,130,"PIERCE, DONALD"
4576,130,"REAGAN, RONALD"
5440,130,STILT-MAN/WILBUR DAY
1206,129,CR'REEE
2577,129,"HUNTER, STEVIE"
111,128,ANALYZER
189,128,ARCADE/
325,128,"BALDWIN, MADELYNE MA"
1727,128,"ELLIS, KEN"
3216,128,LLYRA/LLYRA MORRIS
4966,128,SENTINELS
5935,128,ULIK
6235,128,WIDGET
6418,128,"ZARRKO, ARTHUR"
185,127,ARAGORN
561,127,BLACKWING/JOSEPH MAN
1958,127,FOREIGNER/RAFAEL BAS
3532,127,"MASTERSON, KEVIN"
5019,127,SHANG-CHI
5647,127,TASKMASTER
759,126,BUCKY/BUCKY BARNES
1045,126,"CHORD, ANDREW"
1175,126,COPYCAT/VANESSA
1910,126,FIZ [SKRULL]
1991,126,"FRIEDLANDER, SHARON"
5613,126,"TALBOT, GLENN"
612,125,BLOODSTORM | MUTANT 
748,125,BRUTE | MUTANT X-VER
856,125,"CANTOR, VERA"
3176,125,LIBRA/GUSTAV BRANDT
3618,125,MENTALLO
4925,125,SCORPION/MACDONALD G
2602,124,ICE-MAN | MUTANT X-V
3220,124,LOBO
4997,124,SHADOW KING/AMAHL FA
6219,124,WHITE TIGER II/
278,123,"AUSTIN, SUSAN"
1989,123,FRENCHIE/JEAN-PAUL D
2212,123,GRAVITON/FRANK HALL
2639,123,INFINITY II
3903,123,NEBULA
5386,123,STARBOLT
5664,123,TEMPEST/GRANNZ
2,122,3-D MAN/CHARLES CHAN
3272,122,LORELEI II/MELODI [A
3407,122,MAN-APE/M'BAKU
4069,122,ONE ABOVE ALL [CELES
4781,122,"RUIZ, RIGGER"
3173,121,"LEWIS, SHIRLEY WASHI"
4080,121,ORKA
148,120,ANNIHILUS
197,120,ARES [GREEK GOD]
714,120,BRIGHTWIND
853,120,CANNONBALL/JACK PULV
2499,120,"HODGE, CAMERON"
3080,120,LADY DEATHSTRIKE/YUR
3520,120,MASTER ORDER
3974,120,NITRO/ROBERT L. HUNT
4321,120,POWER PRINCESS/ZARDA
4881,120,"SAXON, STARR"
6441,120,"ZOLA, ARNIM"
128,119,ANDROMEDA/ANDROMEDA 
1194,119,COTTONMOUTH II
3356,119,MAGDALENE/MARISSA DA
3469,119,MARRINA/MARRINA SMAL
4309,119,POUNDCAKES/MARIAN PO
5214,119,SMASHER IV
99,118,AMERICAN EAGLE III/J
228,118,ARON [WATCHER]
1992,118,FRIGGA
2316,118,"HALLER, GABRIELLE"
2919,118,KURSE/ALGRIM [ASGARD
3210,118,LIVING MUMMY
3354,118,MAELSTROM/MALCOLM ST
4527,118,"RANSOME, JENNIFER AM"
6038,118,VIBRAXAS/N'KANO
2045,117,"GAMBONNO, ERNESTO"
2046,117,"GAMBONNO, LUIGI"
3097,117,"LANE, LOIS"
6095,117,VOSTOK
453,116,BEREET
1937,116,FLYING TIGER
4641,116,"REYES, DR. CECELIA"
5830,116,TORO/TOM RAYMOND
5615,115,TALISMAN
5925,115,TYRANNUS
578,114,BLASTAAR
1071,114,"CLARKE, GENERAL JERE"
1350,114,DAREDEVIL DOPPELGANG
1957,114,FOREARM
4542,114,"RASSITANO, MAD DOG"
5504,114,"STUART, DR. ALISTAIR"
3770,113,MORBIUS/DR. MICHAEL 
5105,113,SIKORSKY
6269,113,WINDSHEAR/COLIN ASHW
2667,112,IRON MAN V/TEEN TONY
4210,112,PERSUASION/KARA KILL
4400,112,PUCK DOPPELGANGER II
1065,111,"CLAREMONT, CHRIS"
3670,111,MIMIC/CALVIN RANKIN
3960,111,NIGHTSHADE/TILDA
4262,111,PIPELINE/CORMICK GRI
5096,111,SIDEWINDER/SETH VOEL
5792,111,TITAN
1498,110,DIAMOND LIL/LILLIAN 
1567,110,DOPPELGANGER
1676,110,EARTHQUAKE
3802,110,"MOY, ALYSSA"
3935,110,NEZARR
4064,110,OMEGA RED/ARKADY ROS
4908,110,SCHEMER/RICHARD FISK
5125,110,SILVERCLAW/LA GARRA 
5412,110,"STEELE, MARCY MASTER"
5685,110,TERRAX II/TYROS
521,109,BLACK KNIGHT IV/PROF
994,109,CHAMELEON/DMITRI SME
1616,109,DRAGON MAN
5030,109,"SHARPE, ROSALINDE"
5073,109,SHOCKWAVE/LANCASTER 
5791,109,TINKERER
1082,108,"CLINTON, BILL"
2248,108,GRIM REAPER/ERIC WIL
3870,108,N'ASTIRH
4072,108,ONSLAUGHT II
4306,108,POSITRON/RONNIE
4653,108,"RICHARDS, NATHANIEL"
5332,108,SPRITE
5548,108,SUPER-ADAPTOID/ALESS
1735,107,EMPLATE/MARIUS ST. C
3774,107,"MOREAU, PHILLIP"
3832,107,"MUGGINS, MAMIE"
5321,107,SPITFIRE/LADY JACQUE
602,106,BLOOD BROTHERS
812,106,"CABE, BETHANY"
1288,106,CYCLONE II/PIERRE FR
1490,106,"DEWOLFF, JEAN"
4411,106,PUMA/THOMAS FIREHEAR
4545,106,RATTLER
5546,106,SUPER SABRE/MARTIN F
6367,106,"YASHIDA, MARIKO"
6374,106,YELLOWJACKET II/RITA
229,105,ARRANGER/
3504,105,"MASON, LOUISE"
5295,105,SPEEDBALL II/DARRION
5770,105,THUNDRA
6162,105,"WATSON, KRISTY"
6430,105,ZERO
955,104,CENTURY
4118,104,OZYMANDIAS
5661,104,TEFRAL
6311,104,WOLVERINE SKRULL
1409,103,DEATHCRY [SHI'AR]
2472,103,HILDY [ASGARDIAN]
3651,103,MICROCHIP/LINUS LIEB
842,102,"CAMPBELL, DR. RORY"
1420,102,DEATHURGE
1518,102,DINAH-SOAR
1566,102,DOORMAN
1919,102,FLATMAN
2126,102,GIDEON
3720,102,MOJO
3812,102,MR. IMMORTAL
1721,101,ELEKTRA/ELEKTRA NATC
3054,101,JOYSTICK/JANICE
4220,101,"PETROVITCH, IVAN"
4246,101,"PIERCE, ALEXANDER GO"
4991,101,SHA SHAN
6249,101,WILDSIDE
1732,100,ELYSIUS
1963,100,"FORRESTER, CAPT. ALE"
2141,100,GLADIATOR/MELVIN POT
2898,100,KRONOS
3890,100,NAMORITA DOPPELGANGE
4270,100,PIXIE/ [ETERNAL]
5043,100,"SHAW, SHINOBI"
5964,100,UNUS THE UNTOUCHABLE
891,99,CARDINAL/CLEMDENON
1759,99,ERIC THE RED [SHI'AR
2584,99,HUSSAR
4894,99,"SCARFE, RAFAEL"
3408,98,MAN-BEAST
3751,98,MOON KNIGHT DOPPELGA
4171,98,PATHWAY/LAURA DEAN
5024,98,SHAPE
6297,98,"WOLFE, SARA"
6372,98,YELLOW CLAW/TZING JA
6452,98,ZURI
910,97,"CARPENTER, RACHEL"
2552,97,HULK DOPPELGANGER II
3717,97,MODRED THE MYSTIC
4127,97,"PAIBOK, CAPT. [SKRUL"
4714,97,ROCKET RACER/ROBERT 
4892,97,SCARECROW/EBENEZER L
5076,97,SHOOTING STAR
5303,97,SPHINX
5527,97,"SUMMERS, SCOTT III |"
5532,97,SUNDER
6121,97,"WALTERS, BILLY"
251,96,ASTRA
1223,96,CRIMSON COMMANDO/FRA
3428,96,MANIKIN/DR. WHITMAN 
4855,96,"SAPRISTI, JERRY"
6218,96,WHITE TIGER/HECTOR A
1486,95,DEVOS THE DEVESTATOR
2815,95,"KIRBY, JACK"
4070,95,ONEG
5352,95,"STACY, ARTHUR"
5643,95,TAROT/MARIE-ANGE COL
6376,95,YELLOWJACKET III/HEN
406,94,BEAST DOPPELGANGER I
1310,94,D'SPAYRE
1366,94,DARKHAWK DOPPELGANGE
1403,94,DEATH ADDER
1762,94,ERISHKIGEL II/HOLLY 
1766,94,ESON [CELESTIAL]
2831,94,"KLEINSTOCK, HARLAN"
2832,94,"KLEINSTOCK, SVEN"
3553,94,"MCCABE, LINDSAY"
3801,94,"MOWAT, FARLEY"
3837,94,MULTIPLE MAN DOPPELG
4747,94,ROSE IV/JACOB JAKE C
5297,94,SPEEDBALL DOPPELGANG
107,93,AMPHIBIUS
771,93,BULLSEYE II/BENJAMIN
2627,93,IN-BETWEENER
4752,93,"ROSEN, WALTER"
6225,93,"WHITMAN, DEBRA"
212,92,ARKON
524,92,BLACK KNIGHT V DOPPE
1337,92,DANSEN MACABRE
2041,92,GAMBIT DOPPELGANGER
2493,92,HOBGOBLIN
3637,92,MESMERO
4455,92,QUICKSILVER DOPPELGA
5312,92,SPIDER-WOMAN DOPPELG
5979,92,USAGENT DOPPELGANGER
6303,92,WOLFSBANE DOPPELGANG
735,91,BROTHERS GRIMM II/BA
1719,91,ELECTRON
2091,91,GAUNTLET
3305,91,"LYNNE, MONICA"
3357,91,MAGGOTT/JAPHETH
3472,91,"MARRS(-PAYNE), PHOEB"
4610,91,"REESE, MURRAY"
5131,91,"SIMON, ALEX FLORES"
6286,91,WITCHFIRE
359,90,BARON MORDO/KARL MOR
606,90,BLOODAXE/JACKIE LUKU
1023,90,"CHEKOV, ARTHUR ANTON"
2358,90,HARPOON
2572,90,HUNTARA/MARY ELIZABE
3371,90,"MAGRUDER, ALLIE"
3398,90,MALICE V/NAKIA
3990,90,NORTHSTAR DOPPELGANG
4011,90,NUKLO/ROBERT FRANK J
5919,90,TYPHOID MARY/MARY ME
5965,90,UNUSCIONE
57,89,AHAB/RORY CAMPBELL
405,89,BEAST DOPPELGANGER
523,89,BLACK KNIGHT IV DOPP
547,89,BLACK WIDOW DOPPELGA
862,89,CAPTAIN AMERICA DOPP
865,89,CAPTAIN AMERICA | MU
1129,89,COLOSSUS II DOPPELGA
1291,89,CYCLOPS DOPPELGANGER
1348,89,DAREDEVIL DOPPELGANG
1688,89,EEL/LEOPOLD STRYKE
2159,89,GOBLYN
2246,89,"GRIFFITH, D.W."
2345,89,HARDRIVE
2450,89,HERCULES DOPPELGANGE
2551,89,HULK DOPPELGANGER
2559,89,HUMAN TORCH DOPPELGA
2729,89,KARNAK DOPPELGANGER
2865,89,"KORVAC, MICHAEL"
3364,89,MAGNETO | MUTANT X-V
3690,89,MIRAGE
3998,89,NOVA DOPPELGANGER
4290,89,POLARIS DOPPELGANGER
4368,89,PROFESSOR X DOPPELGA
4399,89,PUCK DOPPELGANGER
4442,89,QUASAR DOPPELGANGER
4862,89,SASQUATCH DOPPELGANG
4884,89,SCALPHUNTER
5047,89,SHE-HULK DOPPELGANGE
5296,89,SPEEDBALL DOPPELGANG
5486,89,STRONG GUY DOPPELGAN
5717,89,THING DOPPELGANGER
5738,89,THOR III DOPPELGANGE
5875,89,TRITON DOPPELGANGER
6067,89,VISION DOPPELGANGER
6302,89,WOLFSBANE DOPPELGANG
6308,89,WOLVERINE DOPPELGANG
1161,88,CONTROLLER/BASIL SAN
1257,88,CRUCIBLE/BYRON CALLE
1484,88,DEVLOR
2877,88,"KRAMER, STACEY"
4237,88,PHOBIUS
5354,88,"STACY, GWEN"
5670,88,TEN FOR
5720,88,THING DOPPELGANGER I
6310,88,WOLVERINE DOPPELGANG
83,87,"ALEXANDER, CARRIE"
794,87,BUSHMASTER II/QUINCY
797,87,BUTCH
864,87,CAPTAIN AMERICA DOPP
1131,87,COLOSSUS II DOPPELGA
1324,87,DAKIMH THE ENCHANTER
2424,87,HELIO
4018,87,NURO
4053,87,OKOYE
4465,87,R'TEE
4863,87,SASQUATCH DOPPELGANG
5334,87,SPUNJE
6380,87,"YIN, ANGELA"
6451,87,ZURAS
179,86,AQUARIAN/WUNDARR
411,86,BEAUTY
1014,86,CHARM
1115,86,"COLE, WADE"
1803,86,"FAIRMONT, HANNAH"
2476,86,HINDSIGHT LAD/CARLTO
2746,86,"KATZENBERG, NICK"
2933,86,JACKAL/MILES WARREN
3713,86,MODAM
3914,86,NEKRA/ADRIENNE HATRO
3934,86,"NEWMARK, LOTUS"
4767,86,ROULETTE II/JENNY ST
4811,86,SAGITTARIUS/HARLAN V
5737,86,THOR II/ROGER RED NO
5880,86,TRUTH
91,85,"ALRAUNE, MARLENE"
399,85,"BEACH, GINGER"
400,85,"BEACH, SPIDER"
685,85,BRAINCHILD
4388,85,PSI-LORD/FRANKLIN BE
4446,85,QUEEN DIVINE JUSTICE
5053,85,SHELLSHOCK/
5502,85,"STUART, BRIG. ALYSAN"
5725,85,"THOMAS, COMMANDER DA"
5945,85,ULYSSES II
1003,84,"CHANG, DR. PHILLIP"
1158,84,CONTEMPLATOR/TATH KI
1836,84,FAYRELYTE STRONGHEAR
2593,84,HYPERION II
2885,84,KREDDICK
3209,84,LIVING MONOLITH/AHME
3345,84,MADCAP
4477,84,RADIUS/JARED CORBO
5602,84,TAI II
5946,84,UMAR
5955,84,UNICORN/MYLOS MASARY
6108,84,WALDO
6224,84,WHITEOUT
6420,84,ZCANN
116,83,ANCIENT ONE
259,83,ATALANTA
801,83,BUZZ
1614,83,DRACULA | MUTANT X-V
1673,83,DYNA-MITE/ROGER AUBR
2878,83,KRANG [ATLANTEAN]
3159,83,LETHA
3620,83,MENTOR II
4329,83,POWERSURGE/ILLARION 
4550,83,"RAVEN, LT. JACOB"
5033,83,SHATTERFIST/
5426,83,"STERMAN, ANDREA ANDI"
642,82,BOMBSHELL/
1370,82,DARLA
1722,82,ELEKTRA | MUTANT X-V
2276,82,GUARDIAN V/JAMES MAC
2448,82,HERA/AUGUSTINE JONES
3591,82,MECHAMAGE/
4931,82,SCRAMBLER
6068,82,VISION DOPPELGANGER 
501,81,BISON/BILLY KITSON
670,81,BOX/ROGER BOCHS
1692,81,EENY
1923,81,FLEX/ADRIAN CORBO
2043,81,GAMBIT | MUTANT X-VE
2930,81,JACK O'LANTERN II/MA
2999,81,JETSTREAM/HAROUD IBN
3588,81,MEANY
4042,81,OCCULT
4047,81,OGRE
4580,81,REAPER II
5466,81,STONEWALL/LOUIS HAMI
5846,81,"TRAINER, DR. SEWARD"
5987,81,VALKIN
510,80,BLACK CROW/JESSE BLA
512,80,BLACK FOX/ROBERT W. 
651,80,BOOMSLANG/
1103,80,"CODY, GARY"
2084,80,"GATOR, LORD"
2451,80,HERCULES DOPPELGANGE
3239,80,LODESTONE/ANDREA
3326,80,"MACON, ANGELO"
3396,80,MALICE III
3758,80,MOONDRAGON DOPPELGAN
3961,80,NIGHTSIDE
4040,80,OBLIVION
4292,80,POLARIS | MUTANT X-V
4404,80,PUFF ADDER
4496,80,"RAM, SIR"
6051,80,VINDICATOR II DOPPEL
289,79,AVIOS
324,79,"BALDWIN, JUSTIN"
394,79,BAYMAX
625,79,BLUE SHIELD/JOSEPH J
1499,79,"DIAMOND, BOB"
1864,79,"FIELSTEIN, FIREWORKS"
1893,79,FIRESTAR DOPPELGANGE
2514,79,HOLOCAUST
2522,79,"HOPKINS, STEVE"
2645,79,"INSHALLAH, KHALID"
3172,79,"LEWIS, DEVON"
3696,79,MISS LOCKE
4134,79,"PALERMO, VICTOR"
4229,79,PHASTOS [ETERNAL]
4440,79,QUASAR II
4983,79,SETH II
5313,79,SPIDERCIDE
5351,79,"ST. THOMAS, JULES"
5396,79,"STARK, MORGAN"
5604,79,"TAKACHIHO, HIRO"
349,78,BARBARUS
947,78,CATSEYE/SHARON SMITH
1092,78,COACHWHIP
1505,78,DIAMONDHEAD/DYKER
1693,78,EFFIGY/LT. VELMAX/JA
2092,78,GAZA
2260,78,GRONK
2625,78,IMPULSE
3025,78,"JONES, JANIS"
3101,78,"LANG, DR. STEVEN"
3300,78,LUPO
3852,78,MURMUR II/ARLETTE TR
4133,78,"PALERMO, HARRIET ROS"
4718,78,"RODGERS, MARIANNE"
5484,78,STROBE/
5887,78,"TSURAYABA, MATSUO"
186,77,ARAKI [SHI'AR]
217,77,ARMADILLO/ANTONIO RO
568,77,"BLAKE, BECKY"
644,77,BONEBREAKER/
1204,77,"COY, GENERAL NGUYEN "
1214,77,"CREED, GRAYDON"
1815,77,FAMINE/AUTUMN ROLFSO
1906,77,"FITZROY, TREVOR"
2148,77,"GLENN, HEATHER"
2220,77,GREEN GOBLIN IV/PHIL
2937,77,"JACKSON, ANDREW JOCK"
3149,77,"LELAND, HARRY"
3916,77,"NELSON, CANDACE"
4263,77,PIPER
4655,77,"RICHARDS, REED | MUT"
4712,77,ROCK PYTHON
5411,77,"STEELE, BOBBY"
2239,76,"GREY, JEAN | MUTANT "
2244,76,GRIFFIN II/JOHNNY HO
3383,76,MAJOR DOMO
3392,76,MALEKITH/MALCOLM KEI
3678,76,MINERVA [KREE]
3771,76,MORDRED THE EVIL
4711,76,ROCK/SAMUEL JOHN ROC
5506,76,STUNT-MASTER/GEORGE 
5620,76,TANA NILE
5755,76,THRENODY
5782,76,TIMBERIUS
5976,76,"URSULA, LADY"
1974,75,FOXBAT
2168,75,GOLDDIGGER
2400,75,HAWKEYE DOPPELGANGER
2468,75,HIJACKER
4919,75,SCORCHER/
5208,75,SLYDE
5470,75,STORM DOPPELGANGER I
262,74,ATLAS
518,74,BLACK KNIGHT/SIR PER
557,74,BLACKOUT/MARCUS DANI
3418,74,MANBOT/BERNIE LACHEN
4703,74,"ROBERTSON, AMANDA"
4776,74,RUBY
4899,74,SCARLET WITCH DOPPEL
5739,74,THOR III DOPPELGANGE
5930,74,U-MAN/MERRANO
6050,74,VINDICATOR II DOPPEL
6207,74,WHIPLASH II/
6423,74,"ZEDRAO, GENERAL"
906,73,CARNAGE/CLETUS KASAD
1004,73,"CHANG, IMEI"
1044,73,CHONDU
1293,73,CYCLOPS DOPPELGANGER
1694,73,EGGHEAD/PROF. ELIHAS
1765,73,"ERWIN, MORLEY"
1796,73,EXPEDITER II/ZOE CUL
1809,73,FALLEN | MUTANT X-VE
2008,73,"FUJIKAWA, RUMIKO"
2452,73,HERMES [GREEK GOD]
2882,73,KRAVEN THE HUNTER II
3124,73,LEAP-FROG/VINCENT PA
3509,73,MASTER KHAN/TYRONE K
3795,73,MOTHER NIGHT/SUSAN S
3814,73,MR. JUSTICE/TIMOTHY 
3894,73,NANNY II
4083,73,ORPHAN-MAKER/PETER
4147,73,"PARETSKY, DR. GARY"
4149,73,PARIS
4393,73,PSYCHO-MAN
4555,73,RAVONNA LEXUS RENSLA
4588,73,RECORDER II
4696,73,"RITTER, DEBORAH "
4697,73,"RITTER, DONALD"
5197,73,SLITHER
5519,73,SUGAR MAN
5561,73,SURTUR
5940,73,ULTIMUS
6230,73,"WHYTE, HARMONY (HARM"
3,72,4-D MAN/MERCURIO
830,72,CALEDONIA/ALISANDE S
1638,72,DREADKNIGHT/BRAM VEL
2232,72,GREMLIN/
2534,72,HOWARD THE DUCK
2585,72,"HUXLEY, DR. ALDA"
2692,72,"KAFKA, DR. ASHLEY"
3952,72,NIGHTCRAWLER | MUTAN
4444,72,QUASIMODO
5262,72,SOLO/
5904,72,TUSK
5913,72,"TYGER, LORD"
6265,72,"WILSON, JIM"
6434,72,"ZIMMER, ABE"
536,71,BLACK RACER/
890,71,CARDIAC/DR. ELI WIRT
1332,71,DAN-FARR
2941,71,"JACKSON, STEVE"
3052,71,JOYBOY
3760,71,MOONHUNTER/ZACK MOON
3764,71,MOONSTONE/LLOYD BLOC
4372,71,PROJECTOR/
4420,71,PURPLE MAN/ZEBEDIAH 
5057,71,"SHERIDAN, RICHARD RI"
5360,71,"STACY, PAUL"
5575,71,SWORDSMAN II/COTATI
5600,71,TAGAR
65,70,AIREO/AEOLUS [INHUMA
582,70,"BLAZE, ROXANNE SIMPS"
668,70,"BOWEN, FATHER MICHAE"
1178,70,"CORD, EDWIN"
1845,70,FER DE LANCE/TERESA
1929,70,"FLORES, JAMIE"
2453,70,HERMOD [ASGARDIAN]
2529,70,HOTSHOT/LOUIS
3207,70,LIVING LASER/ARTHUR 
3228,70,"LOCKE, DR. CASSANDRA"
3641,70,METEORITE
3985,70,"NORRISS, JACK"
4146,70,PARALYZER
4559,70,"RAYMOND, ANN"
4728,70,ROGUE | MUTANT X-VER
5568,70,"SWANN, DR. EVAN"
6315,70,WONDER MAN DOPPELGAN
6405,70,ZALADANE
28,69,"ADAMS, NICOLE NIKKI"
791,69,"BUSHKIN, BARNEY"
1036,69,CHIEF EXAMINER
1828,69,"FARREL, MIKE"
2940,69,"JACKSON, CURTISS"
2987,69,JEMIAH
3024,69,"JONES, HUGH"
3217,69,LLYRON
3254,69,LOOTER/NORTON G. FES
3413,69,MAN-SPIDER | MUTANT 
3496,69,MARVEL GIRL II/VALER
3885,69,"NALES, DET. REBECCA "
4105,69,OVERMIND/GROM
4198,69,PENANCE III
4723,69,"ROGERS, GAYLE"
4762,69,"ROTH, ARNIE"
5438,69,STILETTO
5709,69,THERAK
5796,69,TITANIUM MAN/BORIS B
6183,69,"WEIN, LEN"
67,68,AJAX
175,68,APOLLO [GREEK GOD]
260,68,ATHENA [GREEK GOD]
632,68,BODYBAG
790,68,"BUSH, GEORGE"
1039,68,CHINA DOLL
1187,68,CORRUPTOR/JACKSON DA
1309,68,D'KEN [SHI'AR]
1547,68,DOMINA
1585,68,DR. DOOM | MUTANT X-
1685,68,"EDGERTON, GAYLE"
1853,68,FERRO2
2102,68,GEMINI/JOSHUA LINK
3585,68,"MEACHUM, JOY"
3933,68,"NEWELL, DIANE ARLISS"
4684,68,RINGTOSS
4694,68,RIPTIDE
4904,68,SCATTERBRAIN
5378,68,"STAPLES, EDNA M. GRA"
5756,68,THUG
6127,68,WAR/ABRAHAM LINCOLN 
6168,68,WAXWORK
6319,68,"WOO, JIMMY"
6413,68,ZARAN/MAXIMILLIAN ZA
659,67,"BOUDREAUX, BELLA DON"
684,67,BRAIN DRAIN/WERNER S
713,67,BRIGHTSWORD/CARTER D
1966,67,FORTUNATO
2029,67,GAFF/SIDNEY E. LEVIN
2107,67,GENII/JASON KIMBALL
2169,67,GOLDEN ARCHER II/WYA
2373,67,HARVEST/CHI LO
2419,67,HECTOR II
2659,67,IRON FIST H'YLTHRI I
2700,67,"KALE, JENNIFER"
3777,67,MORGAN
4109,67,OWL/LELAND OWLSLEY
4484,67,"RAHN, TAMARA"
4663,67,"RIDER, CHARLES"
5032,67,SHATTERAX
38,66,AEGIS/TREY ROLLINS
206,66,ARIES II/GROVER RAYM
481,66,BI-BEAST II
749,66,BRUTO THE STRONGMAN/
919,66,"CARTER, JIMMY"
1121,66,"COLLINS, DEMITRIUS"
1569,66,DORMA [ATLANTEAN]
1605,66,DR. STRANGE | MUTANT
1952,66,FOOLKILLER II/GREG S
3397,66,MALICE IV
3499,66,MARVEL WOMAN | MUTAN
3632,66,MERLIN
4000,66,NOVA DOPPELGANGER II
4397,66,PSYNAPSE
4558,66,RAX
4871,66,"SATURNYNE, OPAL LUNA"
4972,66,SENYAKA
5447,66,STINGRAY | MUTANT X-
5505,66,STUNNER/ANGELINA BRA
5553,66,"SUPERIA/WENTWORTH, D"
5656,66,"TAYLOR, LEILA"
5731,66,"THOMAS, ROY"
5758,66,THUMBELLINA
5786,66,TIMESLIP/RINA PATEL
6173,66,WEAPON X II/GARRISON
6375,66,YELLOWJACKET II | MU
594,65,BLIZZARD II/DONALD G
1172,65,COPPERHEAD III/DAVIS
2713,65,"KANE, MARCY/KAINA"
2950,65,JAILBAIT/JESS
3336,65,MADAME MASQUE III
3340,65,MADAME MENACE/SUNSET
3917,65,"NELSON, DEBBIE HARRI"
4338,65,PRETTY BOY
5065,65,"SHINSKI, PROFESSOR W"
5123,65,SILVER SURFER IMPOST
5268,65,"SONDHEIM, ERICA"
5829,65,"TORK, SGT."
6202,65,"WETHERELL, MANOLI"
6312,65,WOLVERINE | MUTANT X
6322,65,WOODGOD
6377,65,YETI
428,64,"BEL-DANN, GEN."
795,64,BUSHWACKER/CARL
1054,64,"CICERO, CAESAR BIG C"
2081,64,GATECRASHER
2302,64,HAFNIUM
2426,64,HELIX/RAFAEL CARAGO
2605,64,ICEMASTER/
2656,64,IRON
3780,64,"MORLAK, MARIS"
3786,64,"MORRELL, SABRINA"
4015,64,NUMBERS
4114,64,OXBOW/
4345,64,PRIMUS
4665,64,"RIDER, ROBERT ROBBIE"
4785,64,RUNNER
5307,64,SPIDER-MAN III/MARTH
5366,64,STALLIOR
5543,64,SUNSTROKE/
5552,64,SUPERCHARGER/
6010,64,"VAZHIN, ALEXEI MIKHA"
6027,64,"VERMIN, LADY"
6366,64,YAP
126,63,"ANDERSSEN, TANYA"
2778,63,KHORYPHOS [ETERNAL]
2851,63,"KOENIG, ERIC"
4093,63,OSIRIS
4106,63,OVERRIDE/DR. GREGORY
4651,63,"RICHARDS, FRANKLIN 2"
4727,63,ROGUE DOPPELGANGER
5026,63,SHARD
5823,63,TOPAZ
5863,63,"TREVANE, DET. CONNOR"
138,62,ANGEL DOPPELGANGER
425,62,BEETLE II/LEILA DAVI
1331,62,"DAMIAN, MARGO"
1595,62,DR. OCTOPUS II/CAROL
1702,62,EITRI
1871,62,FIN FANG FOOM/MIDGAR
1878,62,FIREBRAND/GARY GILBE
1967,62,"FORTUNATO, GIACOMO J"
2651,62,INVISIBLE WOMAN DOPP
3387,62,"MAJOWSKI, SAM MOTHER"
3498,62,MARVEL GIRL DOPPELGA
3733,62,MONGOOSE
4443,62,QUASAR DOPPELGANGER 
4456,62,QUICKSILVER | MUTANT
4664,62,"RIDER, GLORIA"
5668,62,TEMPO
5991,62,VAMP
6021,62,VENUS/APHRODITE/VICT
6398,62,YUKIO
256,61,"ASTROVIK, NORMA"
479,61,BEYONDER | MUTANT X-
599,61,BLOCKBUSTER III/MICH
1438,61,DELILAH
1764,61,"ERWIN, CLYTEMNESTRA"
2088,61,GAUNT/MENDEL STROMM
2554,61,HULK | MUTANT X-VERS
2808,61,"KING, HANNIBAL/HENRY"
2863,61,KORATH THE PURSUER
3405,61,"MALUS, DR. KARL"
3779,61,"MORGAN, JERROLD JERR"
3878,61,"NAGAN, DR. ARTHUR"
4501,61,RAMBO
4538,61,"RASPUTIN, MIKHAIL"
4630,61,REPTYL
4868,61,SATANNISH
5281,61,SPACE PHANTOM
5327,61,SPOOR/ANDREW HAMISH 
5353,61,"STACY, CAPT. GEORGE"
6254,61,"WILFORD, ELISABETH B"
6429,61,ZEMO/BARON HEINRICH 
157,60,ANTHROMORPHO
168,60,APE/
355,60,BARON BLOOD/JOHN FAL
525,60,BLACK KNIGHT V STATU
543,60,BLACK TARANTULA II/C
584,60,"BLESSING, MORGANA"
819,60,CADMIUM
1100,60,"COCKRUM, DAVE"
1330,60,"DAMIAN, DR. DANIEL"
1831,60,FATH
1900,60,"FISK, VANESSA"
2350,60,HARGEN
2403,60,HAWKSHAW
2406,60,HAYWIRE/
2622,60,IMPALA/
2657,60,IRON CROSS/HELMUT GR
3078,60,"LACOSTE, RAE"
3652,60,MICROMAX/SCOTT WRIGH
3902,60,NAZE
4280,60,"PLUNDER, ADAM KYLE M"
4521,60,RANDOM II/MARSHALL E
4861,60,SASQUATCH II
6103,60,W'KABI
21,59,ACHILLES II/HELMUT
94,59,"ALVAREZ, FELIX"
332,59,BAMBI
385,59,BATTLEAXE/
565,59,BLADE
604,59,BLOOD WRAITH/SEAN DO
738,59,"BROWN, LAURA"
881,59,CAPTAIN ULTRA/GRIFFI
995,59,CHAMPION/TRYCO SLATT
1198,59,COURIER/JACOB GAVIN
1544,59,DOLLAR BILL
1573,59,DORREK [SKRULL]
1635,59,DRAX DOPPELGANGER
1734,59,EMPATH/MANUEL ALFONS
1758,59,ERG
1912,59,FLAG-SMASHER
1986,59,FREE SPIRIT/CATHY WE
1990,59,FRIDAY
2604,59,ICEMAN DOPPELGANGER
2923,59,KYLUN/COLIN MCKAY
3454,59,MARILLA [INHUMAN]
4272,59,PLAGUE
4458,59,QUILL
4896,59,SCARLET CENTURION
5122,59,SILVER SURFER DOPPEL
5227,59,"SMITH, MARTY LOUIS L"
5350,59,"ST. LAWRENCE, COL. C"
5912,59,TYGER TIGER/JESSAN H
5923,59,TYR
32,58,ADORA
240,58,ASHEMA [CELESTIAL]
273,58,AURIC/
608,58,BLOODLUST
739,58,"BROWN, MINDY MCPHERS"
1948,58,FONTANELLE/GLORIA DA
2030,58,GAIA
2268,58,GROWING MAN
2795,58,"KILLMONGER, ERIC/N'J"
2810,58,KINGO SUNEN [ETERNAL
2927,58,JACK FLAG/
3019,58,"JONES, BART"
3358,58,MAGIC
3492,58,MARVEL BOY VI
3694,58,MISS AMERICA/MADELIN
3734,58,"MONGRAIN, ALISON"
4365,58,PROFESSOR POWER/ANTH
4402,58,PUDDLEGULP
5256,58,"SOFEN, KARL AUGUST"
5257,58,"SOFEN, MARION"
5419,58,STELLARIS/LEAH PRINC
5451,58,"STOCKBRIDGE, CHARLES"
5452,58,"STOCKBRIDGE, DEANNA"
5517,58,SUB-MARINER | MUTANT
5623,58,"TANAKA, OPAL"
5794,58,TITANIA/
5814,58,TOM THUMB/THOMAS THO
484,57,BIG BERTHA/ASHLEY CR
1439,57,DELPHI
1441,57,"DELPHIS, SIR"
1829,57,FATALE/PAMELA GREENW
2065,57,GARDENER/ORD ZYONYZ 
2465,57,"HIGGINS, SAMUEL"
2471,57,HILDEGARDE [ASGARDIA
3663,57,MILAN
3924,57,NEREEL
3958,57,NIGHTINGALE/
4256,57,PINK PEARL/
4500,57,"RAMBEAU, MARIA"
5333,57,SPROCKET
5399,57,"STARR, TRIXIE TRISH"
5972,57,UROC
6450,57,"ZOTA, CARLO"
43,56,AGAMEMNON III/
76,56,ALBERT
593,56,BLIZZARD/PROF. GREGO
851,56,CANDY
996,56,"CHAMPION, IMUS"
1234,56,CRIPPLER/KARL STRIKL
1729,56,ELSIE DEE
1821,56,FANG II
1849,56,FEROCIA/
1987,56,"FREEMAN, DEREK"
2847,56,KNOCKOUT
2904,56,"KRUMA, TALIA"
3053,56,"JOYCE, SAMANTHA"
3235,56,"LOCKLIN, GENERAL MER"
3478,56,"MARTINELLI, VINCENT "
3511,56,MASTER MAN/WILHELM L
3672,56,MINDBLAST
3813,56,MR. JIP
3930,56,NEUTRON
3977,56,NOBILUS
4519,56,RANDI
4548,56,RAVEN | MUTANT X-VER
4760,56,"ROSSI, COL. MICHAEL "
5959,56,UNION JACK II/BRIAN 
6368,56,"YASHIDA, MARIKO | MU"
106,55,AMPHIBIAN/KINGLEY RI
141,55,ANGLER
762,55,BUCKY VII/RIKKI BARN
1147,55,"CONNORS, MARTHA"
1620,55,DRAGONESS
2283,55,GULLIN
2740,55,KATH
2793,55,KILLER SHRIKE/SIMON 
3148,55,LEIR
3155,55,LEONUS/LIONUS [INHUM
3546,55,"MAXWELL, DR. WILFRED"
3605,55,MELLENCAMP
3654,55,MIDGARD SERPENT
3860,55,MUTAURUS
3871,55,N'DELE
3920,55,NEOPHYTE/
4361,55,PRODIGAL/
5199,55,"SLOAN, DR."
5355,55,"STACY, GWEN (CLONE)"
5403,55,STATIC
5636,55,TARBABY
5648,55,TATSU'O
5862,55,"TREMONT, JONATHAN"
6049,55,VINDALOO/
6290,55,WIZ KID/TAKESHI MATS
59,54,AHURA
489,54,BILE/
558,54,BLACKOUT II/
827,54,CALCULUS/JAHAHAREL P
1130,54,COLOSSUS II DOPPELGA
1146,54,"CONNORS, BILLY"
1292,54,CYCLOPS DOPPELGANGER
1881,54,FIREBUG/
2382,54,HATE
2530,54,HOUND
2540,54,HRIMHARI
2560,54,HUMAN TORCH DOPPELGA
2653,54,"IONELLO, JASON"
2708,54,KAMIKAZE
3047,54,"JOSHUA, DR. SEGISMUN"
3271,54,LORELEI
3274,54,LOVE
3497,54,MARVEL GIRL DOPPELGA
3550,54,MAYHEM/DET. BRIGID O
3697,54,MISS MASS/
3987,54,"NORTH, DAKOTA"
4418,54,PUPPY
4434,54,QUAGMIRE
4772,54,"ROYCE, JENNIE"
4866,54,SATAN/MARDU KURIOS
5048,54,SHE-HULK DOPPELGANGE
5138,54,SINEW/
5469,54,STORM DOPPELGANGER
5491,54,STRONGARM/
5657,54,TECH-NOIR/
5809,54,TOLLIVER
6309,54,WOLVERINE DOPPELGANG
567,53,"BLAIRE, CARTER"
591,53,BLITZIANA
871,53,CAPTAIN HAWK
957,53,"CERA, KAY"
999,53,CHANCE II/NICHOLAS P
1069,53,"CLARK, JOHN"
1070,53,"CLARK, SARAH"
2288,53,GUNTHAR II
2675,53,"ISHIMA, DAVID"
3005,53,JINKU
3374,53,MAGUS II
3421,53,MANDRILL/HENSLEY FAR
3425,53,"MANH, COY LEONG XUI"
3426,53,"MANH, COY NGA"
3732,53,MONDO II
3999,53,NOVA DOPPELGANGER II
4590,53,RED GUARDIAN II/ALEX
4652,53,"RICHARDS, FRANKLINK "
5103,53,SIGYN
5113,53,SILVER
190,52,ARCADIUS
288,52,AVIA
934,52,"CASSADA, ROSA"
1352,52,DAREDEVIL | MUTANT X
2876,52,"KRAMER, KENNY"
3021,52,"JONES, DANIEL DANNY"
3028,52,"JONES, LORRAINE LORR"
3037,52,"JONES, TAMMY ANNE"
3128,52,"LEBEAU, JEAN-LUC"
3439,52,MANTA
3475,52,MARTHA
3540,52,MAVERICK/CHRISTOPHER
3729,52,MOLTEN MAN/MARK RAXT
3931,52,"NEVILLE, KATE"
4187,52,"PEARSON, MARCY"
4281,52,PLUNDERER/LORD EDGAR
4357,52,PRISM
4499,52,"RAMBEAU, FRANK"
4933,52,"SCRATCH, NICHOLAS"
5120,52,SILVER SCORPION/ELIS
5410,52,STEEL WIND
6350,52,X-CUTIONER/CARL DENT
314,51,"BADALAMENTE, JESUS"
722,51,"BROMWELL, DR."
872,51,CAPTAIN HIP/FRED MAC
1026,51,CHEN
1287,51,CYCLONE
1686,51,"EDGERTON, MR."
2454,51,HESCAMAR/MARNOT [ASG
2497,51,"HOCHBERG, ROGER"
2652,51,ION/
2939,51,"JACKSON, CELIA"
2981,51,"JAYE-FIRESTONE, GING"
3368,51,MAGNUS
4921,51,SCORPIO/JAKE FURY
5200,51,"SLOAN, FRED"
5259,51,SOLARR
5910,51,TWO-GUN KID
5971,51,"URICH, DORIS"
6393,51,YRDISIS
37,50,ADVERSARY
267,50,"ATOR, GENERAL"
409,50,BEAUTIFUL DREAMER
709,50,"BRICKMAN, SEN. MILES"
857,50,CAPRICORN/WILLARD WE
909,50,"CARPENTER, LARRY"
1554,50,DOMO
1632,50,"DRAKE, WILLIAM ROBER"
1691,50,EELAK
1697,50,EGO-PRIME
2122,50,GHOST GIRL II/LILLI
2140,50,GLABOO
2226,50,GREENSONG
2263,50,GROTESK
2309,50,"HALE, JONAS"
3452,50,MARGOYLE
3655,50,MIDGET
3773,50,"MOREAU, DAVID"
4410,50,PULSSUS
4614,50,REIGNFIRE/
4678,50,RINGER/ANTHONY TONY 
4743,50,ROOTAR
5573,50,"SWITZLER, BEVERLY"
5761,50,THUNDERBIRD/JOHN PRO
5924,50,TYRAK
6025,50,VERMIN/EDWARD WHELAN
6220,50,WHITE WOLF/HUNTER
6253,50,"WILFORD, BONNIE"
6257,50,WILL O' THE WISP/JAC
6439,50,ZIRCONIUM
24,49,"ADAMS, CINDY"
110,49,ANAK
169,49,APE MAN/GORDON MONK 
486,49,BIG MAN/FREDERICK FO
665,49,BOUNTY II
1031,49,CHESBRO
1282,49,CYBER
1313,49,"DA COSTA, EMMANUEL"
1435,49,"DELGADO, FATHER"
1527,49,DISCUS
1708,49,EL JAGUAR
1741,49,ENFORCER/DELAZNY
1802,49,"FAIRMONT, AMANDA MAN"
2561,49,HUMAN TORCH DOPPELGA
2680,49,ITZAMNA
2813,49,"KINGSLEY, DANIEL"
3168,49,"LEVIN, MAJOR DEBRA"
3205,49,LIVEWIRE/RANCE PREST
3430,49,MANITOU
3827,49,MROTH
3861,49,"MUTO, JUNZO"
4007,49,NUADA
4314,49,"POWELL, GRACE"
4316,49,"POWELL, JONATHAN"
4423,49,PYLLAR
4511,49,RAMPAGE/STUART CLARK
4744,49,"RORY, RICHARD"
5304,49,SPHINX II
5391,49,"STARK, HOWARD"
5566,49,SVAROG
5697,49,TEZCATLIPOCA
5699,49,THAKOS
5718,49,THING DOPPELGANGER I
5773,49,TICKTOCK
6383,49,YMIR
11,48,ABOMINATION | MUTANT
17,48,ABSORBING MAN | MUTA
147,48,ANNALEE
471,48,BERYLLIUM
473,48,BETA RAY BILL | MUTA
534,48,BLACK PANTHER | MUTA
732,48,BROTHER VOODOO | MUT
736,48,"BROWN, ABE"
822,48,"CAESAR, JONATHAN"
1052,48,"CHURCHILL, LORD"
1156,48,CONSUELA
1479,48,DEVIL DINOSAUR | MUT
1543,48,"DOLAN, STACY"
1596,48,DR. OCTOPUS | MUTANT
1636,48,DRAX | MUTANT X-VERS
1776,48,EUROPIUM
1817,48,FANCY DAN
1819,48,FANDRAL | MUTANT X-V
1872,48,FIN FANG FOOM | MUTA
1934,48,FLY
2070,48,GARGOYLE | MUTANT X-
2106,48,GENESIS/TYLER DAYSPR
2221,48,GREEN GOBLIN V/
2441,48,HEMINGWAY
2507,48,HOGUN | MUTANT X-VER
2586,48,"HUXLEY, DR. HORATIO"
2660,48,IRON FIST | MUTANT X
2698,48,KALA
2710,48,KAMO THARNN
2773,48,"KHANDRUVITCH, DR. VA"
3224,48,"LOBO, EDUARDO"
3320,48,"MACINTOSH, ANN"
3344,48,MADAME WEB/CASSANDRA
3468,48,"MARRERO, ED"
3471,48,"MARRS, DESMOND"
3476,48,"MARTIN, ASHLEY"
3537,48,MATHEMANIC/THOMAS SO
3569,48,"MCKEEVER, TINY"
3740,48,MONTANA
3752,48,MOON KNIGHT | MUTANT
3891,48,NAMORITA | MUTANT X-
4001,48,NOVA | MUTANT X-VERS
4206,48,"PEREZ, GEORGE"
4315,48,"POWELL, JASON"
4319,48,POWER MAN II | MUTAN
4595,48,RED RAVEN
4656,48,
5051,48,"SHELDON, PHIL"
5330,48,SPRAGG
5475,48,"STRANG, COL./LT. GAR"
5488,48,STRONG GUY | MUTANT 
5652,48,TAURUS/CORNELIUS VAN
5743,48,THOR | MUTANT X-VERS
5900,48,TURBO II (B)/MIKE JE
5988,48,VALKYRIE II | MUTANT
6085,48,VOLSTAGG | MUTANT X-
6278,48,"WINTHROP, DESIREE"
6327,48,WORM
275,47,AURORA DOPPELGANGER
318,47,"BAILEY, SARA GREY"
442,47,BENGAL/
809,47,BYRRAH [ATLANTEAN]
1852,47,FERRIS
1897,47,FIREWALL/THEARY/MIN 
1984,47,"FREDERICKS, GENERAL"
2080,47,"GARVIN, GEARS"
2549,47,HULK III/BRUCE BANNE
2801,47,"KINCAID, JIMMY"
3227,47,"LOCKE, DR. ALEXANDER"
3308,47,M'DAKA
4378,47,PROTEUS II
4492,47,RAKSOR [SKRULL]
4970,47,SENTRY 459
5180,47,SLAB/KRIS ANDERSON
5270,47,SOPHIE
5719,47,THING DOPPELGANGER I
5876,47,TRITON DOPPELGANGER 
6033,47,VESSEL
6242,47,WILD CHILD DOPPELGAN
6279,47,WIPEOUT
19,46,"ACHEBE, REVEREND DOC"
64,46,AIRBORNE/
422,46,BEEFER
647,46,BOOBYTRAP/
1229,46,CRIMSON DYNAMO III/A
1410,46,DEATHLOK/COLONEL LUT
1525,46,DIRT NAP
1647,46,DRUIG
1886,46,FIREFIGHT/
2073,46,GAROKK
2173,46,GOLDFIRE/AMEIKO SABU
2301,46,"HADDOCK, DR. MYRA"
2458,46,"HEYWERTH, GENERAL"
2460,46,"HIBBERT, HOPE"
2949,46,JAHF
3032,46,"JONES, NELL"
3083,46,LADY OF THE LAKE
3323,46,"MACKENZIE, AL"
3477,46,"MARTIN, TERI"
3642,46,METEORITE III/VALERI
3905,46,NEBULON
3942,46,NIELS
3980,46,NOCTURNE/
4078,46,ORIKAL
4307,46,"POTTER, BETSY BEATTY"
4716,46,ROCKETLAUNCHER/
4934,46,SCREAM
5003,46,SHADOWCAT 2013
5112,46,"SILVANI, VITTORIO"
5190,46,SLEDGE
5232,46,SMOKESCREEN/
5233,46,SMUGGLER II/CONRAD J
5557,46,SUPREMOR
5630,46,TANTE MATTIE
5667,46,"TEMPLE, CLAIRE"
5686,46,TERRAXIA
5824,46,TOPSPIN/DARREN MITCH
5858,46,"TRAVELLER, DR. JUDAS"
6145,46,WARRIOR WOMAN/JULIA 
31,45,ADMIRAL PROTOCOL/
164,45,ANTRO
184,45,ARACHNE
187,45,ARAKI II
272,45,AURA/ANN HERD
353,45,BARNACLE/
496,45,BIRD MAN III/
907,45,CARNIVORE/COUNT ANDR
1005,45,CHANGELING
1276,45,CUT
1345,45,"DARE, KATHLEEN"
1699,45,EIGHTBALL
2340,45,HARD BOILED HENWY
2357,45,HAROKIN [ASGARDIAN]
2566,45,HUNCH
2785,45,KID REAPER
3500,45,MARX
4207,45,PERRIKUS
4671,45,RIGER
4769,45,ROUST
5077,45,"SHORR, JACQUELINE"
5335,45,SPYMASTER/JAKE JORDA
5614,45,"TALBOT, MAJ. MATT"
5649,45,TATTERDEMALION/
5839,45,TOWER
6147,45,WARTON/WARBECK
6256,45,"WILKS, SHANTAL"
53,44,AGINAR
82,44,"ALEXANDER, CALEB"
429,44,BELASCO
449,44,"BENTLEY, VICTORIA"
900,44,"CARLISLE, PHILLIP"
1002,44,"CHANEY, AMANDA"
1207,44,"CRAIG, REV."
1570,44,DORMA II [ATLANTEAN]
1629,44,"DRAKE, FRANKLIN"
1664,44,"DUNHAM, LAURA"
1918,44,FLATIRON/RUSSELL
2152,44,GLOM
2481,44,HIROMITSU
2546,44,HUGIN
2600,44,ICE PRINCESS/
2662,44,IRON MAIDEN/
3241,44,LOGA II
3290,44,LUMINOR
3560,44,"MCCOY, EDNA ANDREWS"
3586,44,"MEACHUM, WARD"
3653,44,MIDAS
3840,44,MUNIN
3864,44,MYSTERIA/
4063,44,OMEGA II
4067,44,OMNIBUS/LT. DALLAS
4698,44,"RIVERA, DR. JASON"
4981,44,SET
5173,44,SKULLBUSTER
5204,44,SLUG/ULYSSES X. LUGM
5241,44,SNAPDRAGON/SHEOKE SA
5345,44,"ST. CROIX, CLAUDETTE"
5347,44,"ST. CROIX, NICOLE"
5682,44,TERMINUS
5958,44,UNION JACK/LORD MONT
6083,44,VOLLA
6336,44,WRANGLER/
6343,44,"WU, LEIKO"
6445,44,ZON
555,43,BLACKHEART
611,43,BLOODSTONE/ULYSSES B
760,43,BUCKY II/FRED DAVIS
806,43,"BYRNE, JOHN"
964,43,CEREBRO | MUTANT-X V
992,43,"CHAMBERS, MR."
1087,43,CLOUD
1281,43,CYBELE [ETERNAL]
1297,43,CYLLA II
1298,43,CYNAS
1304,43,D.O.A.
1824,43,FANTASMA
1879,43,FIREBRAND II/BROXTEL
2012,43,FURGAR
2256,43,GRIS-GRIS
2342,43,HARDCASE/HAROLD HARR
2508,43,"HOLDEN, DR. SAMUEL"
2852,43,KOFI [KYMELLIAN]
3411,43,MAN-MOUNTAIN MARKO
3904,43,NEBULO
4374,43,PROMETHEUS II
4541,43,"RASPUTINA, ILLYANA I"
4854,43,SAPPHIRAS
4938,43,SCRIER II/
5234,43,"SMYTHE, ALISTAIR ALP"
5444,43,STINGER III/
5509,43,STYGIAN STARBENDER
5599,43,TAGAK
5640,43,TARGON
6102,43,VYREK
6132,43,"WARD, SEN. STEWART"
270,42,AUGUST PERSONAGE IN 
342,42,BANSHEE II
495,42,BIRD MAN/HENRY HAWK
610,42,BLOODSCREAM
804,42,"BYRD, SEN. HARRINGTO"
846,42,CANCER/JACK KLEVENO
860,42,CAPTAIN AMERICA IV/S
912,42,"CARRADINE, JESSICA J"
931,42,"CASSADA, CARLOS"
942,42,CAT MAN/HORGAN
1422,42,DECAY/
1462,42,DESIGNATE/TARENE
1851,42,"FERRARI, CONNIE"
2003,42,FU MANCHU
2099,42,GEIRRODUR
2258,42,GRIZZLY II/THEODORE 
2356,42,HARNESS/ERIKA BENSON
2369,42,"HARRIS, EDDIE"
2910,42,KULAN GATH
2945,42,JADE DRAGON/DEI GUAN
2989,42,"JENNINGS, JOSEPH"
3041,42,JONIN
3269,42,LORD TEMPLAR/
3521,42,MASTER PANDEMONIUM/M
3543,42,"MAXIMOFF, DJANGO"
3797,42,MOTHER SUPERIOR
4036,42,"O'NEILL, DET. BRADY"
4245,42,PIECEMEAL/GILBERT BE
4370,42,PROFESSOR X | MUTANT
4859,42,"SAROYAN, NEAL"
4872,42,SAUL
4982,42,SETH
5373,42,"STANE, OBADIAH"
5529,42,"SUN, LIN"
5820,42,TONGAH
5982,42,VAGABOND/PRISCILLA L
6060,42,VIRGO/ELAINE MCLAUGH
6288,42,WITNESS/NESS
6424,42,ZEFRA
15,41,ABSALOM
180,41,AQUARIUS/DARREN BENT
294,41,AXE/
326,41,"BALE, EMERSON"
552,41,BLACKBALL
553,41,BLACKBIRD/
570,41,"BLAKE, DR. DONALD (C"
745,41,BRUTACUS
897,41,CARINA/CARINA WALTER
932,41,"CASSADA, MICHAEL"
933,41,"CASSADA, ROBERTO"
956,41,"CENTURY, TURNER D."
959,41,CERBERUS
1211,41,"CRAWLEY, BETRAND"
1277,41,CUTTHROAT/DANIEL LEI
1710,41,EL TORO NEGRO/SERGIO
1743,41,ENRAGED
1772,41,ETERNAL BRAIN/PROFES
1782,41,EVERY-MAN
1850,41,FERON
2162,41,GOG
2206,41,"GRANT, SILAS"
2589,41,HYDRON
2874,41,KRAKEN
2909,41,KUKULCAN/VIRAKO/QUET
3151,41,LEO/DANIEL RADFORD
3237,41,LOCUS
3390,41,MALACHI
3573,41,"MCKENZIE, LYDIA"
3818,41,MR. NACHT
4151,41,"PARKER, BEN"
4211,41,PERUN
4267,41,PISCES/NOAH PERRICON
4337,41,PRESTER JOHN
4413,41,PUNCHOUT
4462,41,"QUINN, PAMELA"
4494,41,RALF
4529,41,RAPIER
4629,41,REPTILLA
5539,41,SUNSHINE/AUTUMN MACR
5708,41,THERA
5744,41,THORNN
5801,41,TOBIAS
5984,41,VAKUME
6030,41,VERTIGO
44,40,AGAMOTTO
80,40,"ALDEN, PROF. MEREDIT"
513,40,BLACK FOX II/
653,40,BORA
915,40,CARRION II/MALCOLM M
1001,40,"CHANDRA, DR."
1184,40,CORONARY/JIMMY SHARP
1406,40,DEATH-STALKER
1513,40,DIGGER
1653,40,"DUBOIS, NOAH"
1736,40,EMPRESS R'KILL [SKRU
1976,40,FRANKENSTEIN MONSTER
1993,40,FROG MAN/FROG LE BLA
1997,40,"FROST, ADRIENNE"
2067,40,GARGOUILLE/
2626,40,IMPULSE II/DWIGHT HU
2769,40,"KETCH, DORIS AUDRA"
3036,40,"JONES, SANDY"
3139,40,LEFT HAND/DIEGO CASS
3483,40,"MARTINEZ, ISADORA"
3718,40,MODT
3927,40,NETWORK NINA
4049,40,OGRESS/
4169,40,PATCH II
4266,40,PIROUETTE/JOBETH
4340,40,PRETTY PERSUASIONS/H
4534,40,RAPUNZEL
4910,40,"SCHOOLCRAFT, DR. DEN"
5012,40,SHALLA BAL II
5385,40,STAR-STALKER
5471,40,"STORM, CHILI"
5507,40,"STURDY, PROF. KENNET"
5634,40,TARANTULA/ANTON MIGU
5901,40,TURK
5907,40,"TWAKI, DR. TED"
5989,40,VALKYRIE IV
6178,40,"WEBSTER, NORM"
6259,40,"WILLIAMS, MINDY"
280,39,"AUTHIER, POLICE CHIE"
336,39,"BANKS, SHARON"
392,39,"BAXTER, NOAH"
426,39,BEETLE ROBOT
435,39,BELLAM
485,39,BIG CASINO/
820,39,CADUCEUS
880,39,CAPTAIN U.K./LINDA M
926,39,"CASE, COL. PRESTON"
938,39,CAT III/SHEN KUEI
971,39,CH'THON
1017,39,"CHASIN, MAJOR"
1021,39,CHEETAH
1128,39,COLOSSUS 2013
1142,39,"CONAN, NEAL"
1152,39,CONQUEST/BRIDGET MAL
1166,39,"COOPER, ROGER CAPS"
1306,39,"D'ANGELO, LIEUTENANT"
1323,39,"DAKESIAN, NANCI"
1380,39,DAYDREAMER/CATHERINE
1421,39,DEATHWATCH/STEPHAN L
1452,39,DEMONICUS/DR. DOUGLA
1575,39,DOUGHBOY
1600,39,DR. SPECTRUM II/DR. 
1687,39,"EDWARDS, MARTIN/DR. "
1780,39,"EVERETT, BILL"
2208,39,GRAPPLER
2389,39,HAUPTMANN DEUTSCHLAN
2467,39,HIGHNOTE/RAOUL HERNA
2688,39,K'RK [SHI'AR]
2716,39,KANGAROO II/
2921,39,"KWAN, TERRY"
2983,39,"JEFFRIES, DR."
3086,39,"LAMY, KELLY"
3367,39,"MAGNUM, MOSES"
3375,39,MAHA YOGI
3381,39,"MAJCOMB, RENEE"
3422,39,"MANELLI, DINO"
3424,39,MANGOG
3481,39,"MARTINEZ, ALITHA"
3666,39,"MILLER, FRANK"
3762,39,MOONSTALKER/KIANA
3910,39,NEEDLE
4023,39,"O'BREEN, GLORIANNA"
4065,39,OMEGA-20/EUGENE
4135,39,"PALMIOTTI, JIMMY"
4341,39,PREYY
4375,39,PROSH
4451,39,"QUESADA, JOE"
4459,39,"QUINN, ASHLEY"
4623,39,REM-RAM/
4765,39,ROUGHHOUSE
4783,39,"RUNCITER, GAIL"
5064,39,"SHINCHUKO, LOTUS"
5225,39,"SMITH, KEVIN"
5261,39,"SOLE, RANSOME"
5290,39,"SPAULDING, PETER"
5323,39,SPLICE/CHANDRA KU
6005,39,VARUA/MIRA
6307,39,WOLVERINE 2013
35,38,ADVA
79,38,ALCHEMY/THOMAS JONES
84,38,ALFY
93,38,"ALVAREZ, PAUL"
232,38,ARSENIC
350,38,BARIUM
356,38,BARON BLOOD II/VICTO
395,38,"BAZIN, ALLEGRA"
540,38,BLACK TALON II/SAMUE
761,38,BUCKY VI/
832,38,CALIFORNIUM
885,38,CARBON
968,38,CESIUM
989,38,"CHALMERS, JUDGE ROBE"
1043,38,CHLORINE
1061,38,CITIZEN V/JOHN WATKI
1094,38,COBALT
1423,38,DECAY II/YOSHIRO HAC
1451,38,DEMON BEAR
1528,38,DISPROSIUM
1646,38,DRUID/DREDMUND CROMW
1666,38,"DURAN, CONAL"
1757,38,ERBIUM
2093,38,GAZELLE
2105,38,GENERAL OBSIDIAN
2166,38,GOLD
2435,38,HELLRAZOR
2535,38,"HOWARD, PROFESSOR MA"
2631,38,INDIUM
2962,38,"JANES, FATHER MICHAE"
3013,38,"JOHNSON, ANNA"
3127,38,"LEBEAU, JACQUE"
3234,38,"LOCKLIN, BEN"
3379,38,MAINFRAME II
3382,38,MAJESTON ZELIA
3436,38,"MANOLIS, LT. NICK"
3441,38,MANTIS (SPACE PHANTO
3545,38,MAXOV
3633,38,MERLYN
3676,38,MINDWAVE
3888,38,NAMORA/AQUARIA NAUTI
3906,38,NECRODAMUS
3923,38,NEPTUNIUM
3948,38,NIGHT RIDER III/HAMI
4110,38,OX
4242,38,PHOSPHORUS
4283,38,PLUTONIUM
4403,38,"PUENTES, DONNA MARIA"
4476,38,RADIUM
4604,38,REDEEMER/CRAIG SAUND
4885,38,SCANDIUM
5114,38,SILVER II
5255,38,SODIUM
5528,38,SUMO
5611,38,TAKU
5700,38,THALLIUM
5802,38,"TODD, FISHER"
5939,38,ULTIMO
5954,38,UNI-LORD
5968,38,URANIUM
6061,38,VIRGO II
47,37,"AGEE, DR. AUBREY"
420,37,BEDLAM II/OLISA KABA
520,37,BLACK KNIGHT III/EOB
585,37,BLIND AL/ALTHEA
807,37,"BYRNES, GAYLE WATSON"
813,37,CABER
829,37,"CALDRONE, JAVIER"
840,37,CALYPSO
884,37,"CAPUTO, DR. JULIA"
1316,37,DADDY LONGLEGS/RAMSE
1619,37,"DRAGONBLOOD, ULYSSES"
1642,37,DREAMING CELESTIAL/T
1883,37,FIREFALL II
2011,37,"FUNARO, DONNA"
2036,37,"GALEN KOR, ADMIRAL ["
2108,37,GENTRY
2135,37,"GILLISPIE, ANDREW AN"
2365,37,"HARRIGAN, PATRICIA P"
2524,37,"HORTON, PROFESSOR PH"
2908,37,KUBIK
2952,37,JAKAR
3029,37,"JONES, LOUISE"
3146,37,"LEI KUNG, THE THUNDE"
3293,37,"LUMPKIN, WILHEMINA B"
3297,37,LUNATIK/ARISEN TYRK
3401,37,"MALPHER, KATHY"
3744,37,MONTGOMERY
3850,37,"MURDOCK, SISTER MAGG"
3911,37,NEFFETHESK
3925,37,NESTOR
4075,37,ORB
4312,37,POWELL
4335,37,"PRENTISS, BETTY DEAN"
4508,37,RAMONDA
4695,37,RISQUE/GLORIA
4738,37,"ROMMEL, EDWIN ROMULU"
5408,37,STEEL SERPENT
5669,37,TEMPUS
5683,37,TERRAFORMER/SAM
6427,37,ZELDA
156,36,ANTEUS
204,36,ARIEL II
440,36,BENEDICT
641,36,BOMBLAST/
764,36,BUG
1080,36,"CLEMSON, MIKE"
1125,36,"COLON, CHERYL"
1865,36,FIFOLET
1874,36,FIREARM/
1950,36,FOOL
2019,36,"FURY, NICK | MUTANT "
2191,36,GOSAMYR
2266,36,GROVEL
2413,36,HEALER
2431,36,HELLEN
2526,36,HORUS [EGYPTIAN GOD]
2562,36,HUMAN TORCH DOPPELGA
2637,36,INFERNO III/SAMANTHA
2875,36,KRAKOA
3011,36,"JOHNSMEYER, JAMES"
3189,36,LILITH/ANGEL O'HARA/
3318,36,MACHETE/FERDINAND LO
3341,36,MADAME QWA
3456,36,MARIONETTE/MARI
3680,36,MINISTER BLOOD
3976,36,"NIXON, RICHARD"
4202,36,"PENNYWORTH, J.C."
4273,36,PLANNER
4301,36,PORCAL
4326,36,POWERHOUSE/RIEG DAVA
4495,36,"RALSTON, SENATOR ROB"
4503,36,"RAMIREZ, JAVIER"
4515,36,RAMSHOT/
4525,36,"RANN, COMMANDER ARCT"
4968,36,SENTRY III
5075,36,"SHOOTER, JIM"
5139,36,SINGER
5155,36,SISTER PLEASURE/SCAR
5371,36,"STANCHEK, DR."
5487,36,STRONG GUY DOPPELGAN
5579,36,SYBYL DORN
5665,36,TEMPEST II/NICOLETTE
5704,36,THANE ECTOR
6073,36,"VOGE, TULLAMORE"
6090,36,"VON STRUCKER, WERNER"
6190,36,WENDIGO III/FRANCOIS
6295,36,"WOLFE, HEDY"
6348,36,WYSPER/MS. STEWART
209,35,ARIZE
255,35,"ASTROVIK, ARNOLD"
321,35,"BAKER, ANNE-MARIE"
365,35,BARRAGE
613,35,BLOODSTRIKE/ERIC CON
1145,35,"CONKLIN, CAPT."
1179,35,"CORD, JANICE"
1307,35,"D'AURIA, JACK"
1357,35,DARK COUNSEL/VARTU
1572,35,"DORNOVA-BLONSKY, NAD"
1628,35,"DRAKE, CARLTON"
1737,35,EMPRESS S'BYLL [SKRU
1875,35,FIREBALLS/JACK FARLE
2120,35,GHOST
2213,35,"GRAY, CHARLES"
2279,35,GUDRUN [ASGARDIAN]
2383,35,HATE-MONGER/ADOLF HI
2553,35,HULK ROBOT
2581,35,HURRICANE III
2707,35,KAMAL
2928,35,JACK FROST/
3111,35,"LAPIN, EMIL"
3129,35,"LEBEAU, MERCY"
3325,35,"MACLAIN, DR. MYRON"
3389,35,MAKO
3531,35,"MASTERS, DR. AUGUST"
3761,35,MOONRAKER/SLADE TRUM
3799,35,MOUNTJOY
3919,35,NEMESIS
4223,35,PHANTAZIA/
4452,35,QUESTA
4601,35,RED WOLF/WILDRUN
5147,35,SISTER AGONY
5336,35,SPYMASTER II
5370,35,"STANACHEK, FREDDIE"
5415,35,STEEPLEJACK II/MAXWE
5465,35,STONECUTTER/UTAMA TO
5635,35,TARANTULA II/CAPT. L
5653,35,TAURUS II/
5666,35,TEMPLAR/IAN FITZWILL
5815,35,TOMAZOOMA
6417,35,ZARIN
6463,35,KILLRAVEN/JONATHAN R
18,34,ACBA
198,34,AREX
205,34,ARIES/MARCUS LASSITE
252,34,ASTRA II
291,34,"AVRIL, SALLY"
343,34,BANTAM/
457,34,"BERGIER, REBECCA"
464,34,"BERNSTEIN, DR. NOAH"
507,34,BLACK BRIGADE
554,34,BLACKBODY
556,34,BLACKJACK/
635,34,"BOGGS, MORDECAI P."
729,34,BROTHER TODE
1220,34,CRIMEBUSTER/FRANK MO
1280,34,CYANIDE JANE
1481,34,"DEVILLE, ARCADIA"
1683,34,EDDA
1695,34,EGMA
1733,34,EMBER
1744,34,ENRAKT
1994,34,FROG-MAN II/EUGENE P
2014,34,"FURMINTZ, HARMON"
2026,34,GADFLY/RUTH MACRAE
2125,34,GIBBON/MARTIN BLANK
2133,34,"GILBERT, ROXANNE"
2257,34,GRIZZLY/MAXWELL MARK
2292,34,"GUTHRIE, LUCINDA"
2318,34,HAMES
2381,34,"HATCHWAY, VERNON"
2390,34,HAUPTMANN ENGLAND
2655,34,IRIDIA [INHUMAN]
2782,34,KID COLT
2797,34,KILMER
2833,34,KLIGGER/SEN. EUGENE 
3046,34,"JOSEPH, SHEVA"
3140,34,LEFT-WINGER/HECTOR L
3353,34,MAELEN
3372,34,MAGUIRE
3658,34,MIDNIGHT'S FIRE/
3922,34,NEPTUNE [OLYMPIAN]
4513,34,RAMROD II
4566,34,RAZORBACK/
4571,34,RAZORFIST III
4609,34,REE
4673,34,RIGHT-WINGER/JEROME 
4865,34,SAT-YR-9
5367,34,"STALYENKO, COL. YURI"
5468,34,STORM 2013
5472,34,"STORM, JOHNNY | MUTA"
5514,34,"SU, DR. KO BIN"
5533,34,SUNDOWN/DR. DAVE LOW
5691,34,TESS-ONE
5745,34,THORNN II/LUCIA CALL
5847,34,TRANTRA
5854,34,"TRASK, LAWRENCE LARR"
6109,34,WALKABOUT
6464,34,M'SHULLA
122,33,"ANDERSON, CHIEF MAGI"
281,33,"AUTHIER, TRACY TRACE"
293,33,AWESOME ANDROID
357,33,BARON BRIMSTONE/
398,33,"BAZIN, PHILLIPPE"
1022,33,"CHEEVER, JOHN"
1358,33,DARK CRAWLER
1563,33,DOOMSDAY MAN
1670,33,DWELLER IN DARKNESS
2022,33,G'ANYM
2278,33,GUARDSMAN/KEVIN O'BR
2924,33,KYMRI
2976,33,JASON II
3030,33,"JONES, MAGGIE"
3091,33,"LANDERS, GENA"
3112,33,"LARGO, CHIEF"
3181,33,LIFEFORCE
3198,33,"LIPSCOMB, DR. ANGELA"
3223,33,"LOBO, CARLOS"
3403,33,MALTESE
3449,33,"MARCEAUX, THEOREN"
3513,33,MASTER MENACE/DR. EM
3547,33,"MAXWELL, MORRIS"
3561,33,"MCCOY, NORTON"
3617,33,"MENNINGER, CLARA"
3656,33,MIDNIGHT/M'NAI
3657,33,MIDNIGHT III/JEFFREY
3743,33,"MONTESI, VICTORIA"
3808,33,MR. FEAR III/PROF. L
4004,33,NOVA-PRIME
4061,33,"OLSON, MRS."
4304,33,PORTAL/CHARLES LITTL
4526,33,"RANSOME, DR. SUSAN"
4612,33,REFLEX/
4662,33,"RIDDLEY, HIRAM RAM"
4756,33,"ROSETTI, GABRIEL"
5008,33,SHAKATI
5133,33,"SIMONSON, LOUISE"
5192,33,SLEEPER
5337,33,SPYNE
5749,33,"THORSON, DR. WALTER"
6008,33,"VAUGHAN, MRS."
6181,33,"WEI, LINDA"
6403,33,"ZAFAR, OFFICER JIMMY"
624,32,BLUE DIAMOND/PROFESS
626,32,BLUE STREAK/
701,32,"BRAWN, TRISTAN"
778,32,BURKE
850,32,CANDRA
1135,32,COMET/HARRIS MOORE
1202,32,"COWEN, BUCK"
1448,32,DEMOGOBLIN
1630,32,"DRAKE, MADELINE BEAT"
1755,32,EQUILIBRIUS
1896,32,FIRESTRIKE/DALTON BE
2049,32,GAMESMASTER/JEREMY
2183,32,GORGILLA
2619,32,"IMMORTUS, MARCUS"
2674,32,"ISHIHARA, ZOE"
3171,32,"LEWIS, DET. GARON"
3190,32,LILITH II
3593,32,"MEDINA, ANALISA MARI"
3866,32,MYSTERIO II/DANIEL B
3932,32,NEW SUN
3941,32,NICODEMUS II
3969,32,NINA
4288,32,"POITIER, CLAUDE"
4360,32,"PROCTOR, COORDINATOR"
4377,32,PROTECTOR III/
4539,32,"RASPUTIN, NIKOLAI"
4540,32,"RASPUTINA, ALEXANDRA"
4583,32,REBEL/
4596,32,RED RAVEN II
4632,32,"RESTON, CLIVE"
4660,32,RICOCHET RITA
4672,32,RIGHT
4775,32,"RUBINO, STEVE HEADSE"
4826,32,SAMEDAR
4849,32,"SANTINI, DR. JOSE"
4882,32,SAYGE
5035,32,"SHAUNEGHANN, MICHAEL"
5115,32,SILVER DAGGER/ISAIAH
5383,32,STAR THIEF III/DITMI
5428,32,"STERN, ROGER"
5436,32,STICK
5881,32,TRUTH II
6182,32,"WEIN, GLYNIS"
6342,32,WRONG
127,31,"ANDREWS, DARYL TROOP"
192,31,ARCHAEOPTERYX/TONAJA
279,31,"AUSTIN, TERRY"
652,31,BOONE
707,31,"BRICKFORD, CLAY"
958,31,CERANDA
1053,31,"CHURCHILL, SIR WINST"
1283,31,CYBERMANCER/DR. SUZI
1355,31,DARK
1392,31,DEADBOLT
1399,31,"DEAN, DARBY"
1400,31,"DEAN, SUSAN"
1520,31,DIONYSUS [GREEK GOD]
1650,31,DRY
1779,31,EVER
1954,31,FORCE/CLAYTON WILSON
2167,31,GOLDBUG
2228,31,"GREER, GABRIELLE"
2498,31,HODER [ASGARDIAN]
2630,31,"INDIGO, ODYSSEUS"
2900,31,KRUEGER
2948,31,JAGRFELM [ASGARDIAN]
3071,31,JUVAN
3183,31,LIGHT
3549,31,"MAYE, APRIL"
3592,31,MEDEA
3893,31,NANNY
4031,31,"O'HARA, ROBERT IRONG"
4112,31,OX III
4154,31,"PARKER, MARY (ROBOT)"
4190,31,"PEEL, EMMA"
4226,31,PHANTOM RIDER II/HAM
4299,31,POPEYE
4354,31,PRINCESS SANDELLA
4713,31,ROCKET RACCOON
4757,31,"ROSS, COURTNEY"
4924,31,SCORPIO IV
5148,31,SISTER CHLOE
5247,31,"SNOW, CHARLIE"
5405,31,"STEED, JOHN"
5564,31,SUWAN
5715,31,THIN MAN/BRUCE DICKS
5806,31,TOKKOTS
5827,31,TORGO
6105,31,"WADE, AGENT JOE"
6138,31,WARHEAD/GREGORY SLIV
6330,31,"WORTHINGTON, KATHRYN"
6333,31,WOZ/DEWOZ
6364,31,YANKEE CLIPPER/PAT C
89,30,"ALOUETTE, GENARD"
245,30,ASKANI
254,30,ASTRONOMER
816,30,"CACHES, PROF. MARINA"
944,30,CATAPHRAX
981,30,CHAKRA
1000,30,"CHANDLER, PEGGY"
1013,30,CHARLIE 27
1056,30,"CIR, DYLON"
1132,30,COLOSSUS II | MUTANT
1148,30,"CONOVER, ALYSSA"
1361,30,DARK MOTHER/FINALITY
1367,30,DARKOTH/MAJOR DESMON
1382,30,DAZZLER/BURTRAM WORT
1471,30,DEUCE
1478,30,DEVIL DINOSAUR
1740,30,"ENDO, DR. SUZI"
2000,30,"FROST, CORDELIA"
2250,30,"GRIMM, BEN | MUTANT "
2349,30,"HARDY, STAN"
2479,30,HIPPOLYTA [GREEK GOD
2587,30,HYBRID/JAMES JIMMY M
2794,30,KILLIAN
2805,30,KING BEDLAM/CHRISTOP
2809,30,"KINGMAN, BILL"
2903,30,KRUGGAR
2973,30,"JARZINHO, COL. EDSON"
3107,30,LANN
3164,30,LEVIATHAN II/EDWARD 
3184,30,LIGHTMASTER/EDWARD L
3262,30,"LOR, KONA"
3311,30,M'REEL
3386,30,MAJOR VICTORY/MAJ. V
3479,30,MARTINEX
3582,30,"MCPHERSON, LING"
3626,30,MERCURY
3689,30,MIRACLE MAN
3754,30,MOONBOY
3833,30,"MULDOON, SGT. BRIAN"
3859,30,MUTANT MASTER
3965,30,NIKKI/NICHOLETTE GOL
3979,30,"NOCENTI, ANN"
4124,30,PAGAN
4173,30,"PATRICK, KERRY"
4234,30,"PHILLIPS, SIR GORDON"
4241,30,PHOENIX 2013
4253,30,PILGRIM
4268,30,PISCES II
4348,30,PRINCE REY
4674,30,"RIGOLETTO, DON DANTE"
4702,30,"ROBERTS, TED"
4789,30,"RYAN, THOMAS"
4812,30,SAGITTARIUS II/
4930,30,SCOURGE II/
5243,30,"SNIDER, DET. LOU"
5285,30,SPARROW
5387,30,STARDUST/T'URIN G'AR
5456,30,"STONE, CHANTAL"
5603,30,TAIFU/TOSHIO SASAKI
5633,30,TARAKIS
5644,30,"TARR, BLACK JACK"
5690,30,TERROR II
5826,30,TORG
5845,30,TRADER
6174,30,WEAPON X III
6453,30,ZZZAX
23,29,ADAM X
39,29,AENTAROS
102,29,AMIKO
363,29,BARONESS ZEMO/HEIKE
367,29,"BARRENOS, OMAR"
446,29,"BENNING, VERONICA"
456,29,"BERGER, PROF."
596,29,BLOCKADE/DEXTER PARI
619,29,"BLOTT, BRIGADIER INK"
633,29,"BOERKE, MAYOR"
723,29,BRONA
751,29,BRUTUS II
768,29,BULLET
793,29,BUSHMASTER/JOHN MCIV
825,29,"CAGLIOSTRO, ALESSAND"
1046,29,"CHORD, MIYAMI"
1144,29,CONDOR
1182,29,"CORNELIUS, DR."
1232,29,CRIMSON DYNAMO VI/VA
1437,29,"DELGADO, RUFUS"
1470,29,DESTRUCTOR/PROFESSOR
1477,29,"DEVEREAUX, MICHELLE"
1556,29,"DONALDSON, LINDA"
1731,29,ELYSIA
1745,29,ENT
1777,29,"EVANS, DORIS"
1806,29,FALCONA [INHUMAN]
1834,29,FAWKES
1873,29,FIRE EATER/TOMAS
1998,29,"FROST, BYRON"
2164,29,GOG III
2305,29,"HAGGERT, BOB"
2372,29,"HARROW, DR. JONAS"
2482,29,"HITCHUCK, KELLY"
2483,29,"HITLER, ADOLF"
2624,29,IMPOSSIBLE WOMAN
2665,29,IRON MAN III/EDDIE M
2745,29,KATYUSHA/
2880,29,"KRAUS, DR. FREIDERIC"
2893,29,KRISTA
2996,29,JESTER II
3001,29,JIGSAW
3079,29,"LADONNA, HOLLY"
3365,29,MAGNIR
3370,29,MAGOG II
3514,29,MASTER MOLD
3736,29,MONMOUTH
3794,29,MOTHER INFERIOR
4044,29,ODDBALL/ELTON HEALEY
4077,29,ORIGIN/PHYLLIS TWOMB
4085,29,OSAMA
4212,29,PESTER
4295,29,POLTERGEIST/MICKEY S
4359,29,PROCTOR
4363,29,PROFESSOR ANGST/DR. 
4463,29,QUISLING
4809,29,SACK
4961,29,SEMIJAN
4964,29,SENSATIONAL HYDRA/A 
5025,29,SHAPER OF WORLDS
5068,29,"SHIRE, DR. RANDALL"
5071,29,SHOC/NEIL AIKEN
5169,29,SKOLL
5288,29,SPAT
5563,29,"SUVOROV, ADMIRAL GRI"
5842,29,TOY
6164,29,"WATSON, PHILIP"
6334,29,WRAITH
6358,29,XEMNU
6437,29,ZIRA
6471,29,OLD SKULL
117,28,ANCIENT ONE/BARON MO
131,28,ANELLE
223,28,"ARMBRUSTER, COLONEL "
421,28,BEEF/
476,28,BEVATRON/
506,28,BLACK BOLT | MUTANT 
629,28,BLURRY
687,28,BRAINY
717,28,BROADSIDE
746,28,BRUTE/REED RICHARDS 
861,28,CAPTAIN AMERICA V/RO
917,28,"CARSON, LT. PAUL"
936,28,CASSIOPEIA
1057,28,"CIRE, EYLA"
1068,28,CLARITY/
1096,28,COBALT MAN
1163,28,"CONWAY, GERRY"
1258,28,CRULE
1607,28,DR. SUN
1623,28,DRAGONFLY II/MEIKO Y
1999,28,"FROST, CARMILLA"
2004,28,FU'SE
2103,28,GENECIDE
2185,28,GORGON | MUTANT X-VE
2217,28,GREASY
2291,28,"GUTHRIE, JOSH"
2306,28,HAIRBAG/SUGGS
2319,28,"HAMID, SHEIK"
2487,28,"HO, LI MUAN"
2574,28,HUNTER IN DARKNESS
2615,28,IKARIS | MUTANT X-VE
2618,28,IKTHON
2634,28,INFECTIA/JOSEPHINE
2724,28,KARKAS | MUTANT X-VE
2730,28,KARNAK | MUTANT X-VE
2913,28,"KURASOV, SIMYON BORI"
2975,28,JASON
3003,28,JILL
3082,28,LADY LOTUS
3104,28,"LANGSTROM, LIEUTENAN"
3106,28,"LANIEGE, BIANCA"
3175,28,LIBERTY GIRL/BEV
3596,28,MEDUSA | MUTANT X-VE
3648,28,"MICHEL, RAFE"
3907,28,NECROM
4033,28,"O'KEEFE, CHANDRA"
4140,28,PAPA HAGG
4160,28,"PARKER, RICHARD"
4293,28,POLESTAR/
4557,28,RAWHIDE KID
4600,28,RED SKULL II/ALBERT 
4740,28,"RON, TALLA"
4777,28,RUCKUS
4979,28,SERSI | MUTANT X-VER
5085,28,SHRIEK/SANDRA DEEL/F
5170,28,SKOOKA
5228,28,"SMITH, SIR DENIS NAY"
5235,28,"SMYTHE, SPENCER"
5236,28,SNAGG
5315,28,SPIKEY
5448,28,STINKY
5503,28,"STUART, DR."
5591,28,T'CHAKA
5655,28,"TAYLOR, JENNA"
5877,28,TRITON | MUTANT X-VE
5905,28,TUTINAX
6136,28,WARHAWK II
6143,28,WARPY
6271,28,WINDY
6332,28,"WORTHINGTON, WARREN "
6362,28,"YAMIR, SASHA"
6363,28,YANDROTH
6384,28,YONDU/YONDU UDONTA
151,27,"ANON, LORD"
174,27,APOCRYPHUS
201,27,ARIA
211,27,ARKO
268,27,ATTRACTIVE LAD/AUNDR
290,27,AVIUS
333,27,"BANCROFT, MARTINE"
348,27,"BARBAROSSA, VINNIE"
397,27,"BAZIN, BRODERICK RIC"
483,27,BIG BEN/
519,27,BLACK KNIGHT II/SIR 
617,27,BLOODY BESS
676,27,"BRADDOCK, JAMES JR. "
784,27,"BURLEY, MIKE"
898,27,"CARLISLE, JENNA"
973,27,"CHADWICK, CHEER"
974,27,"CHADWICK, DR. HESPER"
1030,27,"CHERRYH, RANDOLPH WI"
1038,27,CHIMERA II
1419,27,DEATHUNT 9000
1442,27,DELPHOS
1516,27,"DILLON, BERNIE"
1519,27,DINU
1558,27,"DONLEAVY, HANNAH"
2112,27,"GERASI, DON MARIO"
2144,27,GLAMOUR GIRL/GLORIA
2269,27,"GRUENWALD, MARK"
2334,27,HANGMAN II/JASON ROL
2343,27,HARDCORE/
2492,27,"HOBBS, HARRIS"
2573,27,HUNTER/JAEGER
2762,27,"KEMEL, MEHMET"
2776,27,KHIRN
2915,27,KUROKO/
2935,27,JACKHAMMER
2943,27,"JACOBS, GLENDA"
2980,27,JAWBREAKER/
3072,27,JYX
3088,27,LANCER/SAMANTHA DUNB
3117,27,"LAVEAU, MARIE"
3505,27,"MASON, WANDA"
3667,27,"MILLER, CHRIS"
3693,27,MISFIT/
3879,27,NAHREES [INHUMAN]
3884,27,NAKOTA
3947,27,NIGHT RIDER
4003,27,NOVA OMEGA/GARTHAN S
4009,27,"NUGENT, ALICE"
4010,27,NUKE
4035,27,"O'NEIL, BRIDGET"
4130,27,PAINTER/WILHELM VON 
4161,27,"PARKER, RICHARD (ROB"
4373,27,PROMETHEUS [OLYMPIAN
4467,27,RAA
4669,27,"RIFKIN, BIFF"
4786,27,"RUSSELL, LISSA"
4975,27,SERESTUS
5082,27,SHOTGUN III/
5149,27,SISTER DEATH
5150,27,SISTER DREAM
5248,27,"SNOW, TANDY"
5284,27,SPARK
5343,27,SSSITH
5356,27,"STACY, GWEN | MUTANT"
5416,27,STEGRON
5501,27,"STRYKER, WILLIS"
5606,27,"TAKAHAMA, JANE"
5607,27,"TAKAHAMA, ROBERT"
5651,27,"TAUREY, WILLIAM MALC"
5740,27,THOR IV/DARGO
5741,27,THOR REPLICOID
5769,27,THUNDERSWORD
5860,27,"TRAYNOR, HARLEY"
5908,27,TWEEDLEDOPE
5916,27,TYNDAR
6414,27,ZARAN II
257,26,ASYLUM/
334,26,BANDIT/
712,26,"BRIGGS, AGENT STEPHA"
783,26,"BURKE, THERESA TRACY"
893,26,CAREGIVER/RUBANNA LA
975,26,CHAIN
976,26,CHAINSAW/
1032,26,"CHESNEY, SANFORD"
1109,26,COIL
1111,26,COLDBLOOD/
1151,26,"CONOWAY, SEKMEHT"
1164,26,"COOPER, COLE"
1251,26,CROTUS
1301,26,CYRA [ASGARDIAN]
1394,26,DEADHEAD
1767,26,ESON II
1842,26,"FENSTER, RICHARD"
1947,26,"FONTAINE, CINDER"
2048,26,"GAMELIN, JOHN T J.T."
2079,26,GARTHAN SAAL
2104,26,GENERAL ADMISSION
2171,26,GOLDEN-BLADE
2205,26,"GRANT, PHILLIP"
2209,26,GRASP
2222,26,GREEN GOBLIN | MUTAN
2296,26,GYRE
2323,26,HAMIR
2335,26,"HANRAHAN, GORDON"
2427,26,HELIX II
2510,26,"HOLIDAY, JORDAN"
2533,26,"HOUSTON, STELLA"
2636,26,INFERNO II/JOSEPH CO
2770,26,KEY/
2995,26,JESTER/JONATHAN POWE
3141,26,LEGAULT
3161,26,LEVAN
3284,26,LUCIFER
3327,26,"MACRAE, TRUTH"
3350,26,"MADISON, TAYLOR"
3391,26,MALAN Sometimes spel
3409,26,MAN-BULL/BULL TAURUS
3437,26,MANSLAUGHTER
3616,26,"MENKEN, DONALD L."
3778,26,"MORGAN, DR. VIVIAN"
3824,26,MR. SINISTER | MUTAN
3929,26,NEUT
4196,26,PEMBROKE
4320,26,POWER MAN III/STEELE
4330,26,PRADDA FOL
4414,26,PUNISHER
4681,26,RINGLET
4701,26,"ROBERTS, CHESS"
4797,26,"RYKING, ALEXANDER"
4802,26,"SABINI, JERRY THE WH"
4823,26,SALVO
4853,26,SAPPER
4936,26,SCRIBE
4946,26,SEA URCHIN/JEREMY SW
5020,26,SHANGA
5050,26,"SHEFFIELD, LEAH"
5136,26,SIN-EATER/STAN CARTE
5218,26,SMILING TIGER/
5269,26,SONIC
5271,26,SORRENTINO/SORRENTIN
5558,26,SURESHOT
5828,26,"TORK, LT."
5938,26,ULTIMATOR/
6039,26,VIBRO/DR. FRANCIS VI
6115,26,WALL/
6130,26,WAR TOY/ALKHEMA
46,25,AGED GENGHIS
81,25,"ALEGRIA, RICHIE"
129,25,ANDROS
182,25,AQUARIUS III/
193,25,ARCHER/JUDE BLACK
199,25,ARGOS
207,25,ARIES III/
375,25,BASALLO/LAVA MEN KIN
463,25,BERNIE
490,25,"BILLUPS, AGENT"
689,25,BRAMER
704,25,BRES
737,25,"BROWN, FRANK"
750,25,BRUTUS
792,25,"BUSHMAN, RAOUL"
808,25,"BYRNES, TIM"
843,25,"CAMPBELL, MEREDITH"
847,25,CANCER II/
858,25,CAPRICORN II/
928,25,"CASIOLENA, QUEEN"
986,25,"CHALKER, PROF. VIC"
1018,25,"CHATTERTON, DAVE"
1099,25,COCKROACH/
1186,25,"CORRIGAN, ARCHIBALD "
1250,25,CROSSFIRE
1343,25,DARCO
1530,25,DIVINITY
1533,25,DMITRI
1545,25,DOLMAN
1586,25,DR. DOOM | TIMESLIDE
1588,25,DR. FAUSTUS
1643,25,"DREYFUSS, RACHEL"
1659,25,"DUGAN, DUM DUM | MUT"
1814,25,FALZON
1835,25,"FAWN, FELICIA"
1863,25,FIELDSTONE/
1909,25,FIXX
1911,25,FIZGIG/
2155,25,GLOUCESTER
2156,25,GLUB
2196,25,GRACE
2197,25,GRAND OVERSEER
2240,25,GREYSTONE/BRIAN YOUN
2251,25,"GRIMM, BEN | TIMESLI"
2321,25,"HAMILTON, MICKY"
2333,25,HANGMAN
2344,25,"HARDERMAN, QUENTIN"
2368,25,"HARRIS, CHRISTINE"
2408,25,HEADCASE
2469,25,HILARY
2490,25,HOARFROST/
2520,25,HOOPSNAKE/
2642,25,INGOT/
2649,25,INTERLOPER
2744,25,KATU
2961,25,JAMIL
2964,25,JANUS
2972,25,"JARVIS, EDWIN | TIME"
2986,25,"JELLA, PRIVATE"
3098,25,"LANE, SILAS"
3114,25,LASHER/
3130,25,"LECLAIRE, PROFESSOR "
3152,25,LEO II/
3178,25,LIBRA IV/
3219,25,LOBLOLLY/
3295,25,"LUMPKIN, WILLIE | TI"
3523,25,MASTER ZEI
3555,25,"MCCALL, MEREDITH | T"
3746,25,"MONTOYA, JULIO"
3747,25,"MONTOYA, MARIA"
3755,25,MOONDANCER
3849,25,"MURDOCK, MATT | TIME"
3896,25,NARDI
3912,25,NEIFI [INHUMAN]
3982,25,NOM
4028,25,"O'DONNELL, EAMON"
4050,25,OGUN
4052,25,OJANI
4071,25,ONSLAUGHT
4153,25,"PARKER, MARY"
4158,25,"PARKER, MAY | TIMESL"
4159,25,"PARKER, PETER | TIME"
4203,25,PENTIGAAR
4264,25,PIRANHA
4380,25,PROTOCIDE/PRIVATE CL
4628,25,REPLICUS
4690,25,RIOT-ACT/
4794,25,"RYKER, HARLAN"
4903,25,SCARUM/
4960,25,SELENE | MUTANT X-VE
5004,25,SHADOWCAT | MUTANT X
5128,25,SIMBUS
5258,25,SOLAR WIND
5339,25,SQUIRE/
5392,25,"STARK, HOWARD | TIME"
5395,25,"STARK, MARIA | TIMES"
5473,25,"STORM, SUE | TIMESLI"
5569,25,SWARM/FRITZ VON MEYE
5799,25,TIWAZ
5825,25,TORES
5837,25,TOTEM
5890,25,TUC
5932,25,UATU | MUTANT X-VERS
5967,25,UR-LINI
6034,25,VESTA
6059,25,VIRAKO
6086,25,VOLX
6096,25,VOYAGER
6152,25,WATCHFIRE/
6163,25,"WATSON, MADELINE"
6251,25,"WILSON, LOUIS"
6326,25,WORD II/
137,24,ANGEL IV
144,24,ANIMATOR/DR. FREDRIC
203,24,ARIDES
258,24,ASYLUM II/HENRIQUE M
327,24,"BALLANTINE, DEVON"
386,24,BATTLEAXE II/JEROME 
430,24,BELDAME
443,24,"BENJAMIN, BYRON"
461,24,BERNARD THE POET
498,24,BIRDBRAIN
639,24,"BOLT, COUNCILMAN AND"
698,24,BRASS BISHOP/
776,24,"BUNYAN, PAUL"
963,24,CEREBRO
1059,24,"CIRE, MANUEL"
1363,24,DARK RAIDER
1457,24,"DENNIS, MARTY"
1542,24,"DOLAN, CAPT. THOMAS"
1577,24,"DOVER, DONNA-LEE"
1662,24,"DUNCAN, FRED"
1763,24,EROS
1832,24,FATHER TIME
1885,24,FIREFALL IV/TARN
1943,24,"FONDOZZI, MICKEY"
2247,24,GRIM HUNTER/KRAVINOF
2303,24,HAG/
2330,24,HAMMERHAND II/BRON
2445,24,"HENRY, JOHN"
2480,24,HIRO
2505,24,HOGGOTH
2525,24,"HORTON, PROFESSOR PH"
2541,24,"HSU, CHEN"
2685,24,IZZIFIZZ
2718,24,"KAPPELBAUM, MRS."
2884,24,"KREA, BRUNO"
2938,24,"JACKSON, BRENT"
2978,24,JAVELIN II/DARIN JR.
2993,24,"JEROME, JASON"
3006,24,JINX
3010,24,JOHNNY APPLESEED/JON
3049,24,"JOSTEN, LINDY"
3064,24,JUPITER
3084,24,"LAMBERT, WILSON"
3169,24,"LEVINE, ABBY"
3174,24,LIBERATOR/PRINCE TRI
3265,24,LORD GASPAR
3614,24,"MENGOCHAUZERAUS, GRI"
3615,24,"MENGOCHAUZERAUS, STA"
3668,24,"MILLER, STACI MURPHY"
3681,24,MINSTER HOARD
3682,24,MINISTER TOME
3895,24,"NAPIER, RAMONA DR."
4092,24,OSHTUR
4137,24,PANDEMONIA
4156,24,"PARKER, MAY II"
4157,24,"PARKER, MAY III"
4189,24,PECOS BILL
4450,24,QUENTINO
4639,24,REVERB
4801,24,SA'TNEEN
4879,24,"SAWYER, GENERAL SAMU"
4889,24,SCANNER II/RHANLA
4918,24,SCORCH II
4923,24,SCORPIO III/MIKEL FU
4969,24,SENTRY IV/VAL
5055,24,"SHERIDAN, FLORENCE"
5058,24,"SHERIDAN, WILLIAM"
5080,24,SHOTGUN/ZEKE SALLING
5402,24,STARSHINE III/ANARRA
5462,24,"STONE, TIBERIUS"
5681,24,TERMINATOR II/PRINCE
5785,24,TIMESHADOW
5852,24,"TRASK, DR. BOLIVAR"
5878,24,TROLL/
5951,24,UNCLE SAM
5980,24,UTGARD-LOKI
6028,24,"VERPOORTEN, JOHN"
6129,24,WAR MACHINE II/PARNE
6215,24,WHITE KING
6223,24,"WHITECLOUD, MICHAEL"
6236,24,WIDOW-MAKER
6299,24,"WOLFMAN, MARV"
6381,24,"YIN, DR. SU"
152,23,ANSWER
171,23,APE-X/XINA
230,23,ARSENAL
233,23,ARTEMIS
331,23,BALOR
410,23,BEAUTIFUL DREAMER II
455,23,"BERENGHETTI, SUSAN"
459,23,"BERKELEY, TRAVIS"
627,23,BLUNT
788,23,"BURRTHROP, T. BARTON"
800,23,BUX
1047,23,CHROME/
1050,23,"CHUNG, LAO WEI"
1124,23,"COLLINS, TRACY"
1168,23,"COOPER, WHITNEY III"
1411,23,DEATHLOK II/COL. JOH
1434,23,DELGADO
1493,23,DEXAM
1568,23,"DORCAS, LEMUEL DR."
1581,23,DR. DECIBEL/ANTON DE
1703,23,EJULP
1705,23,EL AGUILA
1760,23,ERIC THE RED II
1855,23,FEVER PITCH/
1975,23,FOXFIRE/OLIVIA UNDER
2015,23,"FURY, DAWN"
2089,23,GAUNT II
2165,23,GOGO TAMAGO/
2229,23,GREGOR
2280,23,GUILOTINE
2329,23,HAMMERHAND
2347,23,"HARDY, LYDIA"
2386,23,HATE-MONGER V
2409,23,HEADGEAR/
2443,23,"HENDERSHOOT, COLONEL"
2517,23,HONEY LEMON/
2569,23,HUNKIR
2673,23,ISBISA/DR. SANDERSON
2720,23,KARGUL
2954,23,JAM/JASMINE ARCHER
3038,23,"JONES, TIMOTHY"
3051,23,JOVAN
3061,23,JUNCTION
3073,23,"JZEMLICO, WARDEN"
3113,23,"LARROCA, SALVADORE"
3196,23,LINK
3248,23,LONGBOW/AMELIA GREER
3335,23,MADAME MASQUE II/
3431,23,"MANN, DR. J. VERNON "
3435,23,MANIPULATOR II
3459,23,MARITA
3609,23,MEMBRAIN/
3644,23,MEXXA RIEN
3700,23,MISSING LINK
3857,23,MUSE/SHANNON FITZPAT
3913,23,"NEKOBAH, ROMAN"
4043,23,"OCULUS, LT."
4104,23,OVERBOSS DIXON
4142,23,PARADIGM
4150,23,"PARK, ARCHIE"
4174,23,PATRIOT/JEFF MACE
4235,23,"PHIM, FATHER"
4244,23,PICO
4317,23,"POWELL, OFFICER MIKE"
4385,23,"PRYDE, CARMEN"
4386,23,"PRYDE, TERRI"
4426,23,PYRE II
4432,23,QIRMET
4447,23,QUEEN KNORDA/NORA QU
4502,23,"RAMIREZ, ALMA"
4504,23,"RAMIREZ, LUIS"
4616,23,"REILLY, MAVIS"
4709,23,"ROBINSON, LUCY"
4778,23,"RUDOLFO, PRINCE"
4824,23,SALTZ/
4876,23,SAVAGE STEEL/HARRY L
4877,23,SAVAGE STEEL II/ARTH
4949,23,"SEBASTIAN, MARISSA"
4956,23,SEESHA
5009,23,SHAKTI
5175,23,SKUNGE
5342,23,SSSESTHUGAR
5374,23,"STANFORD, DWIGHT ROL"
5400,23,STARSHINE/LANDRA
5460,23,"STONE, MEG"
5478,23,STRANGLEHOLD
5572,23,SWITCH/DEVON ALOMAR
5595,23,TABOO
5658,23,TECHNARX
5873,23,TRION
5914,23,TYGERSTRYKE/
6094,23,VORZEN
6104,23,W'KANDRO
6293,23,WOLF
6446,23,ZONA
181,22,AQUARIUS II/
396,22,"BAZIN, ANDREW"
401,22,"BEALE, ERIC"
487,22,BIG ONE/KENJIRO SASA
590,22,"BLISS, MISS"
656,22,"BORROUGHS, CHARLES C"
661,22,"BOUDREAUX, MARIUS"
693,22,"BRANDT, ELLEN"
721,22,BROMINE
803,22,"BYRD, NATHANIEL ALEX"
923,22,"CARTER, TAD"
924,22,CARTHUS
930,22,"CASS, LARRY MAD DOG"
1048,22,CHROMIUM
1123,22,"COLLINS, NICK"
1169,22,COPPER
1238,22,"CROIX, ASHLEY"
1244,22,"CROSS, STANLEY"
1314,22,"DABOIA, RUSSELL"
1354,22,DARIA
1417,22,DEATHSTROKE/
1487,22,DEVOURER
1730,22,ELWOOD
1858,22,"FIELDING, CLARENCE"
1944,22,"FONG, DR. CHARLES WA"
1961,22,FORGE | MUTANT X-VER
2153,22,GLORIAN/THOMAS GIDEO
2170,22,GOLDEN GIRL/GWENNY L
2192,22,GOTH
2201,22,"GRANT, DONALD"
2204,22,"GRANT, MARY MEEKS"
2310,22,"HALE, NAN"
2311,22,"HALE, TOM"
2326,22,HAMMER III/EISENHOWE
2425,22,HELIUM
2539,22,HRILL
2703,22,KALIKYA [INHUMAN]
2765,22,KEREM
2942,22,"JACOBS, BEN"
3067,22,JUSTICE PEACE
3095,22,LANDSLIDE
3202,22,"LITTLE, ABNER"
3229,22,"LOCKER, MR."
3263,22,LORD BALDAR
3313,22,M-PLATE
3362,22,MAGNESIUM
3423,22,MANGLER/
3448,22,"MARCEAUX, BELIZE"
3455,22,"MARIN, DR."
3538,22,MAULER/BRENDAN DOYLE
3612,22,MENDICUS
3627,22,MERCURY II
3775,22,"MORELLE, NOLAN"
3883,22,NAKKA
3939,22,NICKEL
3963,22,NIGHTWATCH/
4029,22,O'DONNELL
4116,22,"OXTON, PROFESSOR HEN"
4208,22,PERSEPHONE
4331,22,"PRAZNIKI, ANNIE"
4343,22,PRIME MOVER
4347,22,PRINCE BAYAN
4358,22,"PRO, LE/"
4436,22,QUARK
4518,22,"RANDEAU, DR."
4627,22,"RENO, AGENT"
4932,22,SCRATCH
4944,22,SCYTHE/
5109,22,SILENT ONE
5166,22,SKIN II/DONNA BLISS
5293,22,"SPECTRUM, SINCLAIR"
5311,22,SPIDER-WOMAN IV/CHAR
5515,22,"SUAREZ, RAPHAEL"
5601,22,TAI
5788,22,TIMMONS
5805,22,TOKEN
5897,22,TUNGSTEN
5921,22,TYPHON
5948,22,UNBEING/BILLY BETELH
5994,22,VANADIUM
5996,22,"VANDERGILL, GEORGE"
6112,22,"WALKER, MICKEY"
6238,22,"WILBURN, MYRON"
6296,22,"WOLFE, MR."
6,21,A'YIN
13,21,ABRAXAS
56,21,"AGUIRRE, ISOBEL"
96,21,AMAZON
173,21,APOCALYPSE | MUTANT 
227,21,ARNSTROM
235,21,ARYAN
282,21,AUTHORITY/
308,21,B'ARR
346,21,BARAK
384,21,"BATTLE, MONTGOMERY"
427,21,BEHEMOTH
468,21,BERSERKER III
475,21,BETTY-6
499,21,BIRDY
527,21,BLACK LAMA
569,21,"BLAKE, DR. DONALD"
747,21,BRUTE II/
754,21,"BUCHANAN, SAM"
774,21,BUMPKIN
1009,21,CHAR
1015,21,"CHASE, DETECTIVE SLO"
1024,21,CHEMISTRO/CURTIS CAR
1051,21,"CHURCH, LYNN"
1074,21,"CLAY, GORDON"
1222,21,CRIMSON
1260,21,CRUSADER X/BRIAN BRA
1269,21,"CUMMINGS, DIANE"
1284,21,CYBERSLIK
1346,21,"DARE, ROSSALYN"
1446,21,DEMI-GOD
1450,21,DEMOLITION MAN DOPPE
1504,21,"DIAMONDE, YVETTE"
1601,21,DR. SPECTRUM III/REV
1621,21,DRAGONFIST
1675,21,EARTH-LORD/KYLE BROC
1681,21,ECLIPTIC
1700,21,EILIF DRAGONSLAYER
2023,21,GAARD/JOHNNY STORM E
2035,21,GALEN
2060,21,"GAPON, DZHOKHAR"
2066,21,"GARFIELD, MURRAY"
2090,21,"GAUNT, OFFICER KIM"
2189,21,GOROTH
2210,21,"GRASSWIND, Z'OOFREY"
2272,21,GRYPHON/COMMANDER EK
2339,21,HARBINGER
2378,21,"HASTINGS, PROF. LOUI"
2461,21,"HIDALGO, DETECTIVE J"
2578,21,HUNTSMAN
2678,21,IT
2683,21,IZANAMI
2717,21,"KANNOR, ORLANDO"
2736,21,KASPIN
2840,21,KNIGHT ERRANT II
2997,21,JESTER III
3118,21,"LAVENDER, MAXINE"
3144,21,LEGS/
3179,21,LIBRITO
3292,21,LUMP
3376,21,MAHKIZMO
3522,21,MASTER PROGRAMMER
3559,21,"MCCOURT, ALLISON"
3565,21,"MCELROY, JAMES"
3597,21,MEEK
3603,21,"MELLACE, LUCY SANTIN"
3608,21,"MELTON, LORRIE"
3709,21,MO MONEY
3721,21,MOJO II
3722,21,MOK
3737,21,MONOCLE
3943,21,NIGHT
4025,21,"O'BRYAN, BOB"
4113,21,OX IV
4192,21,PELE/MICHI SASAKI
4213,21,PESTILENCE/CAPT. F.R
4284,21,PO
4291,21,POLARIS DOPPELGANGER
4324,21,"POWER, LEFTENANT"
4407,21,PULSAR II/LAN
4466,21,RA'AL
4468,21,RABBIT
4520,21,RANDOM
4606,21,REDSTONE/
4642,21,"REYES, DR. DANIEL"
4683,21,RINGO KID
4708,21,"ROBESON, PROFESSOR K"
4841,21,"SANDOR, PROFESSOR IS"
4843,21,"SANDOVAL, JULIANA"
4912,21,"SCHWINNER, DR. ERIC"
4920,21,SCORPIA
4922,21,SCORPIO II
4928,21,"SCOTT, PETER"
4980,21,SERVITOR
5045,21,SHE-CAT
5060,21,"SHIFFMAN, MAXIE"
5141,21,"SINGH, DR."
5178,21,SKYHAWK/WINSTON BILL
5191,21,SLEEK
5220,21,"SMITH, COL. TOLLIVER"
5237,21,SNAKE
5344,21,"ST. CROIX, CARTIER"
5380,21,STAR HAMMER
5420,21,STEM
5445,21,STINGER IV
5544,21,SUNTURION/ARTHUR DEA
5804,21,TOI/REXEL TOIVEN
5821,21,TOOTHGRINDER
5822,21,TOOTHGNASHER
5885,21,"TSO, JASON"
5962,21,UNIT 101101
5992,21,"VAN HELSING, RACHEL"
6098,21,VULCAN/
6126,21,"WANG, VICTORIA VICKY"
6175,21,WEASEL/JACK HAMMER
6179,21,WEBWING
6267,21,WIND-WARRIOR/PAMELA 
6277,21,"WINGFOOT, WYNONA"
6460,21,GROK
55,20,AGONY/
58,20,AHQLAU
75,20,ALBERIK
114,20,ANARCHIST/TIKE ALICA
115,20,ANCESTOR/
149,20,ANOMALY
165,20,"ANUBAR, ANWAR"
210,20,"ARKANIAN, GLIB"
226,20,"ARMSTRONG, MYRA"
329,20,"BALLANTINE, MR."
330,20,"BALLANTINE, MRS."
374,20,BARTOS
376,20,BASALTAR
379,20,BASILISK III/
454,20,"BERENGHETTI, MICHAEL"
546,20,BLACK WIDOW II/YELEN
630,20,BOAK
645,20,BONES/ELIZABETH BLIS
678,20,"BRADLEY, CARRIE"
688,20,"BRAITHWAITE, JUDGE R"
700,20,"BRAWN, HUNTER"
757,20,"BUCKNER, GRANT"
787,20,"BURR, CLAYTON"
789,20,BURST/
798,20,BUTTERFLY
913,20,"CARRERA, MIA"
953,20,CENTARIUS
998,20,CHANCE
1091,20,COACH
1140,20,COMMCAST/GARABED BAS
1225,20,CRIMSON CRUSADER/ROR
1431,20,"DELANY, CAPT."
1444,20,DELUGE II
1464,20,"DESTINE, ADAM"
1465,20,"DESTINE, NEWTON"
1507,20,DIBDEB
1559,20,"DONNELY, VICTORIA TO"
1565,20,DOOP
1672,20,"DWYER, MARISSA"
1746,20,ENTITY
1789,20,EXECUTIONER IV
1804,20,FAITH
1822,20,FANG III
1889,20,FIREFLY
1971,20,FOUNDRY
2044,20,"ÁGAMBLE, GRACIE"
2047,20,GAMECOCK/
2063,20,GARABED/BASHUR
2158,20,GO-DEVIL/GO ISHIMORI
2376,20,"HASARD, SAMANTHA"
2411,20,HEADLOK
2412,20,HEADMISTRESS/
2447,20,HEPHAESTUS
2457,20,HEX/DOMINIC DESTINE
2536,20,HOWLER/LUKE GARROW
2556,20,HUMAN TOP/DAVEY MITC
2575,20,"HUNTER, IAN"
2620,20,IMP/PANDORA DESTINE
2632,20,INERTIA/
2834,20,"KLINE, MR."
2836,20,KNAVE
2848,20,"KNUTZ, CINDY"
2890,20,"KREIGER, SIMON"
2906,20,"KRYPT, DR."
2967,20,JARDINE
3180,20,LICH
3246,20,"LOMENZO, NICOLE"
3333,20,MADAME HYDRA VI
3417,20,MANAT
3429,20,MANIPULATOR/
3446,20,MARAUDER
3484,20,"MARTINEZ, LINETTE"
3711,20,"MOBIUS, DR."
3759,20,MOONGLOW/
3847,20,MURDER
3875,20,"NACHT, HERR"
4056,20,OLAR
4062,20,OMEGA
4120,20,P'KAR
4166,20,"PARSONS, DR. DEREK"
4367,20,PROFESSOR XAVIER 201
4430,20,Q'WAKE/QUAKE
4433,20,QNAX
4445,20,"QUAYLE, DAN"
4490,20,"RAKIM, SEN. KAMAL"
4594,20,RED QUEEN
4799,20,S'LAR
4806,20,SABRETOOTH | MUTANT 
4847,20,SANGUINE
4857,20,SARDAN
4887,20,SCANNER/SKERA
4939,20,SCRIER II/S. CRIER
4953,20,SEEKER/TARM
5022,20,SHANZAR
5063,20,SHINAR
5084,20,SHREW/MARILYN MAYCRO
5092,20,SIBERCAT/
5117,20,SILVER FOX II/ZORA D
5132,20,"SIMON, FELIX"
5142,20,SINTARIIS
5143,20,SIR
5209,20,"SMALLWOOD, DAN"
5254,20,SOCRATES SOCK
5266,20,"SOMMERS, APRIL"
5276,20,SOUL-EATER
5283,20,"SPAR, DR. KATHERINE "
5404,20,STECK'EE
5406,20,"STEED, MR."
5479,20,STRANGLER
5584,20,SYNRAITH
5593,20,T-RAY/WADE WILSON
5645,20,TARTARUS
5711,20,THERMITE/
5733,20,"THOMPSON, HARRISON"
5735,20,"THOMPSON, ROSIE"
5746,20,"THORPE, GAVIN"
5783,20,TIMBERIUS II
5929,20,U-GO GIRL/EDIE
6001,20,VANIUM
6055,20,VIPER/JORDON DIXON
6116,20,WALLOP/WALTER DESTIN
6124,20,WANDERER
6156,20,"WATERS, SETH"
6170,20,WAYOPEX
6232,20,WIBBOW
6243,20,WILD CHILD | MUTANT 
6345,20,"WYNDHAM, LUCAS"
6349,20,X THE UNKNOWABLE
6370,20,"YEAGER, CALLIE"
6412,20,"ZAPPER, DAN"
6419,20,ZAWADI
92,19,"ALVAREZ, CARLY"
224,19,ARMS MERCHANT/ANDREA
315,19,"BADALINO, LT. MICHAE"
364,19,BARRACUDA/
482,19,BIANDU
517,19,BLACK KING/SEBASTIAN
562,19,BLACKWING II/
904,19,"CARMODY, MARY"
941,19,CAT KING
965,19,CEREBRO MARK XIII | 
1040,19,CHINOOK
1133,19,COMANCHE
1136,19,COMET MAN/DR. STEPHE
1199,19,"COURTNEY, DELPHINE"
1215,19,"CREED, GRAYDON | MUT"
1285,19,CYBERTOOTH/YEN HSIEH
1342,19,"DANVILLE, SEN. OWEN"
1353,19,DARGIL
1360,19,DARK MASTER
1443,19,DELUGE
1453,19,DEMONSTAFF
1515,19,"DILLON, ANITA"
1517,19,"DILLON, JONATHAN"
1583,19,DR. DOOM CLONE/VICTO
1639,19,DREADNAUGHT
1645,19,DROMEDAN
1671,19,"DWORMAN, JIM"
1682,19,ECSTACY/MME. RENE DE
1720,19,ELEJEA
1725,19,"ELLENTHORPE, MARIAH"
1823,19,FANTASIA
1935,19,FLYING DUTCHMAN
2143,19,GLADIATRIX
2299,19,HAAG
2341,19,HARDBALL
2360,19,HARQUIS TEY
2455,19,"HESSLER, WOLFGANG"
2564,19,HUMP/
2567,19,HUNGER
2647,19,INTEGER
2654,19,IREZUMI/
2663,19,IRON MAIDEN II/
2721,19,"KARIM, MERYET"
2755,19,"KEL, JANOTH"
2771,19,KHADIJAH
2786,19,KIKO
2804,19,KING (OF THE SEWER P
2858,19,"KONIEV, DMITRI"
2859,19,"KONIEV, IRINI"
2860,19,"KONIEV, MRS."
2955,19,JAMEEL
2984,19,"JEFFRIES, MAGGIE "
3044,19,JORRO
3214,19,LLAN
3304,19,"LYNN, NORMA"
3427,19,"MANH, COY TRANH"
3510,19,MASTER LINK/WILLIS H
3570,19,"MCKENNA-DRAKE, MARLE"
3590,19,MECHADOOM
3638,19,"MESSENGER, TOBIAS"
3701,19,MISSING LINK II/RAY 
3703,19,MIST MISTRESS
3776,19,MORG
3831,19,"MUELLER, AMANDA"
4073,19,OPSIDIAN/
4096,19,OTHER
4222,19,PHAE-DOR
4236,19,PHINEAS
4296,19,"POMEROY, SYLVIA"
4355,19,PRINCESS ZAFINA
4387,19,PSI-BORG/
4480,19,RAGAR
4522,19,RANGER I/
4592,19,RED GUARDIAN IV
4597,19,RED RONIN
4598,19,RED SHIFT
4689,19,RIOT II/
4835,19,SANCTITY/TANYA TRASK
4937,19,SCRIER
4962,19,"SENNET, PAMELA"
4984,19,SETH III
5094,19,SICKLE
5372,19,"STANDISH, GEN."
5421,19,"STEPHANAPOULUS, COSM"
5431,19,"STEVENS, MILO"
5493,19,STRONGHOLD/
5536,19,SUNFIRE/SHIRO YASHID
5550,19,SUPER-NOVA
5618,19,TALO
5702,19,"THAN, VELENA"
5734,19,"THOMPSON, JESSICA JE"
5848,19,TRAPPER/VOLA
5893,19,"TULLY, DEREK"
5927,19,TYRUS
5966,19,UPLINK/HECTOR FUENTE
5985,19,VALERIA
6048,19,VINCENTE/
6057,19,VIRA
6064,19,VISARA
6076,19,VOICE
6131,19,WARBOW/
6171,19,WEAK LINK/ERNIE MILL
6189,19,WENDIGO II/GEORGES B
6217,19,WHITE RABBIT
6338,19,WRAP
6346,19,WYNTER
6361,19,XYOSS
6392,19,YOVA
6433,19,ZEY-ROGG
49,18,AGENT AXIS/
98,18,AMERICAN EAGLE II/JA
118,18,"ANDERS, JOSHUA RICHI"
162,18,"ANTOINETTE, MARIE"
163,18,ANTORO
237,18,"ASBERY, SHAMARI"
377,18,BASILISK/BASIL ELKS
408,18,"BEAUMONT, SPENCER"
412,18,"BECKFORD, NOEL"
431,18,"BELGRADE, DR. HORATI"
451,18,"BENWAY, DR."
502,18,BITMAP/
580,18,"BLAZE, CRAIG"
581,18,"BLAZE, EMMA"
616,18,BLOODWRAITH/SEAN DOL
727,18,BROTHER ROYAL
838,18,CALLISTO | MUTANT X-
866,18,CAPTAIN BARRACUDA
899,18,"CARLISLE, MELISSA BO"
914,18,CARRION
962,18,CEREBRITE BETA
1006,18,CHAOS/DANIEL DASH
1058,18,"CIRE, EZRA"
1114,18,"COLE, PRISCILLA"
1243,18,"CROSS, JASON"
1254,18,CROWLEY
1264,18,CRUX/CRISTAL LEMIUEX
1302,18,CYTTORAK
1384,18,DE LA COURTE
1430,18,"DELACORTE, ARTHUR"
1459,18,"DEPAUL, SHIELD SPECI"
1561,18,DONYELL
1580,18,DR. BONG
1640,18,DREAM QUEEN
1707,18,"EL GIBAR, ACHMED"
1761,18,ERISHKIGEL
1788,18,EXECUTIONER III/BRUT
1791,18,"EXETER, LT."
1838,18,FEAR EATER/KKALLAKKU
1870,18,FIN/PETER NOBLE
1917,18,FLASH/BARRY ALLEN/BU
1946,18,"FONG, LI"
1980,18,"FRANKLIN, JEREMY"
2005,18,"FUANARO, RENEE"
2113,18,"GERASI, JOEY"
2130,18,GIGANTUS
2146,18,"GLEASON, KAREN"
2219,18,GREEN GOBLIN III/BAR
2236,18,GREY KING/ADDISON FA
2410,18,HEADHUNTER/
2436,18,HELLSCOUT/KENNETH TE
2442,18,"HENCKEL, MARIA"
2444,18,"HENDERSON, CAROL"
2489,18,HOARFEN
2513,18,HOLLYWOOD
2599,18,I.Q./ISHMAEL QUESTOR
2606,18,"ICHIHARA, SHIGERU"
2682,18,IVORY/
2684,18,IZANAMI II
2783,18,KID COLT II/ELRIC FR
2796,18,KILLOBYTE
2830,18,"KLEINFELDT, LORNA"
2846,18,KNOCKABOUT/
2907,18,"KRYZEWSKI, LEONARD M"
2979,18,JAVITZ
3016,18,"JONES, ANDY"
3022,18,"JONES, DRUCILLA"
3027,18,"JONES, KATIE"
3033,18,"JONES, PHILLIP"
3096,18,LANDSLIDE II/LEE BRO
3115,18,"LATHAM, JORGE"
3199,18,"LIPTON, LAURA"
3339,18,MADAME MASQUE VI
3346,18,"MADDEN, CHET"
3378,18,MAINFRAME/IAN WAJLER
3463,18,"MARLES, DR. THOMAS"
3488,18,"MARTS, MR."
3491,18,MARVEL BOY III/ROBER
3628,18,MERCURY III/
3674,18,MINDSINGER/GREGOR
3725,18,MOLE MAN | MUTANT X-
3731,18,MONDO
3816,18,MR. LUCK II/PHILIP G
3844,18,"MUNROE, N'DARE"
3867,18,MYSTERIUM/DR. JOSEPH
3869,18,MYSTIQUE | MUTANT X-
3908,18,NECROMANCER/DR. STEP
3957,18,NIGHTHAWK III/NEAL
4026,18,"O'CONNELL, TARYN"
4046,18,"OGADA, DR."
4057,18,OLD WOMAN
4060,18,"OLSEN, JIMMY"
4332,18,"PRAZNIKI, SYLVIA"
4394,18,PSYKLOP
4419,18,"PURL, DR. NOAH"
4533,18,RAPTURE/SISTER JOY
4618,18,"REINMAN, PAULA"
4873,18,"SAUNDERS, DABNEY"
5104,18,SIINGARD
5156,18,SISTER SALVATION
5179,18,SKYMAX/SK'YM'X/JAMES
5194,18,SLICE/
5224,18,"SMITH, JOE"
5229,18,"SMITH, WANDA JO BIAL"
5230,18,"SMITHSON, T.B."
5349,18,"ST. HUBBINS, SARI"
5407,18,STEEL COLLAR
5432,18,"STEWART, MACKINLEY"
5433,18,"STEWART, MADDIE"
5435,18,"STEWART, TINA"
5495,18,"STROUD, SIMON"
5671,18,TEN-THIRTIFOR
5779,18,TILDA
5831,18,TORO II/BENITO SERRA
6007,18,"VAUGHAN, GAYLE"
6014,18,VEEG
6047,18,"VINCENT, DANNY"
6054,18,VIOLENCE/
6071,18,VIXEN
6120,18,"WALSH, LYNN"
6123,18,"WALTERS, SHERIFF MOR"
6128,18,WAR/ABRAHAM LINCOLN 
6134,18,WARFIST
6397,18,"YUAN, BILLY"
6409,18,ZANIAC II/THUG THATC
6415,18,ZARATHOS
6416,18,ZARATHUSTRA
6461,18,HIGH OVERLORD
36,17,ADVENT/KYLE GROBE
48,17,"AGEE, REBECCA"
51,17,AGENT-X/
63,17,AIR-WALKER/GABRIEL L
87,17,ALISTRO
136,17,ANGEL III/HALLOWAY
158,17,ANTI-PHOENIX
219,17,ARMAGEDDON MAN
250,17,"ASTER, LUCIAN"
261,17,"ATKINSON, MAJ. EDMON"
296,17,"AYALA, AWILDA"
298,17,"AYALA, MRS."
301,17,AZAZEL
316,17,"BAILEY, GAILYN"
317,17,"BAILEY, JOEY"
362,17,BARON ZEBEK
391,17,"BAXTER, ABIGAIL"
470,17,BERYL
494,17,BIOHAZARD II/FLETCHE
509,17,BLACK CRANE/
586,17,BLINDSIDE II/BOBBI C
622,17,BLUDGEON/
742,17,"BRUKNER, ILANEY"
756,17,"BUCHOVITZ, STANLEY &"
773,17,BULWARK/
905,17,"CARMODY, MRS."
935,17,CASSANDRA
961,17,CEREBRITE ALPHA
966,17,CERISE
1027,17,"CHEN, DR."
1093,17,COAL TIGER/T'CHALLA 
1095,17,COBALT II
1256,17,CROWN
1266,17,CUDGEL/
1303,17,D.K./DAVID KALEN
1321,17,"DAHN, FARNOQ"
1329,17,DAMBALLAH II
1364,17,DARK WIND/KENJI OYAM
1472,17,"DEUTSCH, GEN."
1488,17,"DEWITT, KEARSON"
1534,17,DOC
1627,17,DRAGONWING/
1825,17,FARAHD
1924,17,FLINCH/
1927,17,FLO
2032,17,GALADRIEL
2053,17,"GANCE, TABITHA TABBY"
2058,17,GANTRY
2160,17,GODSTALKER
2336,17,"HANRAHY, JIM"
2478,17,"HINKLEY, ADMIRAL"
2542,17,"HU, DR."
2545,17,"HUDSON, JAMES | MUTA"
2563,17,HUMBUG/PROF. B. MITT
2565,17,HUMUS SAPIEN
2677,17,"ISLEY, LYNN"
2711,17,KANDRA
2768,17,"KETCH, BARBARA"
2790,17,"KILLBURN, MACK"
2803,17,"KINE, BENEDICT"
2822,17,"KITCHENER, CHIEF INS"
2837,17,KNICK KNACK
2862,17,"KOPPISCH, DR. ERIC"
2867,17,"KOSINSKI, HARLEY"
2969,17,JARELLA
2977,17,JAVELIN/DARIN
2998,17,JET-BLACK/
3018,17,"JONES, AUGUSTINE"
3050,17,JOUST
3182,17,LIFELINE/DEACON
3236,17,LOCOMOTIVE BREATH/LA
3301,17,LURKING UNKNOWN
3416,17,MANACLE/
3482,17,"MARTINEZ, CARMELLO"
3589,17,MEATMARKET
3702,17,MIST
3706,17,MISTY/VINCENTE
3708,17,MO
3728,17,"MOLLE, DR."
3964,17,NIGHTWIND/
3971,17,NINJA/
4006,17,NOY
4038,17,OBLITERATOR [ELDER]
4051,17,OGUR
4068,17,OMORO
4076,17,ORBIT
4100,17,OUIJA/
4126,17,PAI
4269,17,PISTON/ANDREI SEMYAN
4334,17,PREECHA
4381,17,"PROUST, PAUL"
4437,17,QUARRY
4486,17,RAINBOW
4505,17,"RAMIREZ, MARTA"
4506,17,"RAMIREZ, ROSA"
4523,17,RANGER II
4636,17,REVENANT/
4640,17,REXEL TOIVEN
4680,17,RINGLEADER
4869,17,SATELLITE
4874,17,"SAUNDERS, KRISTINE"
4893,17,SCARECROW II
4913,17,"SCICLUNA, MICHELE"
4915,17,SCINTILLA
4996,17,SHADES
5078,17,SHORT CIRCUIT/HENRY 
5089,17,SHULK
5098,17,"SIEGEL, DR. AVRAM"
5102,17,SIGN/
5130,17,"SIMMONS, RANDALL"
5160,17,SKADI
5162,17,SKETCH/
5182,17,"SLAG/SLAGHT, DR. THE"
5202,17,SLOTH
5238,17,SNAKE-EYES
5242,17,SNARE
5325,17,SPOILSPORT/
5338,17,SQUID/DONNY CALLAHAN
5384,17,"STAR, JOAN"
5459,17,"STONE, MARGARET"
5628,17,"TANNER, ARCHIE"
5678,17,TENPIN/ALVIN HEALEY
5680,17,TERMINATOR
5687,17,"TERREL, DEBORAH"
5751,17,THRAXON
5752,17,THREADGOLD
5784,17,TIMEBOMB/LOUIS JOUBE
5793,17,"TITAN, TRISH"
5838,17,TOUGH LOVE/
5902,17,TURK II
5981,17,VACUUM
6046,17,"VILLA-LOBOS, GETULIO"
6137,17,WARHAWK III/TOM NAKA
6144,17,"WARREN, MR."
6167,17,WATTS
6255,17,"WILFORD, ETHAN"
6266,17,"WILSON, MERCEDES"
6274,17,"WING, PROFESSOR"
6289,17,WITNESS II/REMY LEBE
6328,17,WORMWOOD
6378,17,YETRIGAR
112,16,"ANAMI, HIROSHI"
194,16,"ARCHER, ULYSSES SAMS"
214,16,ARLISSE
277,16,"AUSTIN, GEN."
303,16,AZIR
344,16,"BANTOCK, LT. OLIVER"
423,16,"BEERE, JASON"
450,16,"BENTON, TERRY"
583,16,BLAZING SKULL/MARK T
679,16,"BRADLEY, HANK"
708,16,"BRICKMAN, GLORIA"
725,16,BROOP
752,16,BRUTUS KLOR
782,16,"BURKE, RICKY"
828,16,"CALDERONE, HANNAH"
855,16,CANNONBALL/SAM GUTHR
969,16,CETHLANN
1034,16,CHI-CHEE
1120,16,"COLLINS, BRADBURY"
1139,16,COMMANDO/M-NELL
1268,16,CUFFS/
1278,16,CUTTER
1336,16,"DANNING, SHEILA"
1483,16,"DEVINE, ANTON"
1548,16,DOMINEX
1660,16,DULB
1715,16,ELATHAN
1783,16,EVILHAWK/DARGIN BOKK
1795,16,EXPEDITER/JOHN WRAIT
1801,16,FAHE
1812,16,"FALLON, RIGBY"
1830,16,"FATE, IAN"
1846,16,FERA
1862,16,"FIELDS, TRACI"
1996,16,FROST
2129,16,GIGANTO
2132,16,"GILBERT, PROFESSOR G"
2182,16,GORGEOUS GEORGE
2188,16,GORNKAI
2252,16,"GRIMM, JAKE"
2385,16,HATE-MONGER IV
2421,16,HEDRON
2429,16,HELL-EYES
2459,16,"HIBBERT, ELLEN"
2521,16,HOPE
2570,16,"HUNT, JERRY"
2583,16,HUSK/PAIGE GUTHRIE |
2590,16,HYENA/HENRY MORTONSO
2611,16,IDUNA
2629,16,INDECH
2739,16,KATAR
2835,16,"KLOSS, BERNARD"
2892,16,"KRIEGHUND, COL."
2895,16,KRIVEN
2926,16,JACK
3039,16,"JONES, WALTER"
3056,16,JUBILEE/JUBILATION L
3160,16,"LETTERMAN, DAVID"
3283,16,"LUCAS, JAMES JR."
3314,16,MAA-GOR
3328,16,"MACTAGGART, JOE"
3337,16,MADAME MASQUE IV
3380,16,MAINSPRING
3393,16,MALEVOLENCE
3420,16,"MANDARIN, JAMES"
3556,16,"MCCAMBRIDGE, MEGAN"
3600,16,MEGATAK
3629,16,MERCY
3683,16,MINOR DOMO
3727,16,MOLGOTHA
3804,16,MR. DOLL/NATHAN DOLL
3915,16,NELIT
3962,16,NIGHTSTICK/
4005,16,NOX
4102,16,OUTRIDER/OCLIN UWIR 
4167,16,"PARTRIDGE, STEVE"
4231,16,PHEMOUS
4297,16,"PONG, WU"
4346,16,PRIMUS II
4349,16,"PRINCE, DIANA"
4448,16,QUEEN OF STAR SWORDS
4575,16,"REAGAN, NANCY"
4624,16,REMIPED
4659,16,RICOCHET/SEN. STEVEN
4700,16,"RIVERS, JERRY"
4730,16,"ROLLINS, MRS."
4821,16,SALLA
4836,16,"SANDERS, DET. NAPOLE"
4867,16,SATANA
4909,16,"SCHOENFELD, ELAINE"
4950,16,"SEBASTIAN, MRS."
5059,16,"SHERMAN, GEN."
5100,16,SIFFROR
5161,16,SKARABROUS
5201,16,"SLOAN, JASON"
5217,16,"SMERDILOVISC, VICTOR"
5275,16,SOUL MAN/FATHER JASO
5362,16,STAINED GLASS SCARLE
5389,16,STARHAWK/STAKAR
5390,16,STARHAWK II/ALETA OG
5482,16,"STRIKER, SAM"
5490,16,"STRONG, SUSAN"
5646,16,TASHA
5663,16,TELLIS
5694,16,TETHRA
5723,16,THOG
5764,16,THUNDERBOLT/BILLY CA
5790,16,"TINKER, SHEA"
5812,16,"TOLLIVER, REV. JACKS"
5813,16,"TOLLIVER, SHERIFF JO"
5865,16,"TREVOR, STEVE"
5870,16,TRICKSHOT
5974,16,URSON-WELLZ
6045,16,VILIVEN
6091,16,"VON VOLTZMANN, FRITZ"
6113,16,"WALKER, SHERIFF CHAN"
6114,16,"WALKER, TESS"
6244,16,WILD MAN/ALEX WILDMA
6281,16,WIRETAP/
6285,16,"WISDOM, ROMANY"
6287,16,WITHERS
6304,16,WOLFSBANE/RAHNE SINC
6347,16,WYRE/
6360,16,XIANDU
6435,16,ZINGH
8,15,ABCISSA
14,15,"ADAM 3,031"
33,15,ADORA CLONE
50,15,AGENT 18/JACK TRUMAN
69,15,AJES'HA
70,15,AKAFE
97,15,AMENHOTEP
121,15,"ANDERSON, CHET"
123,15,"ANDERSON, GINA"
124,15,"ANDERSON, MARJORIE"
125,15,"ANDERSON, NICKY"
130,15,ANDWELLA
276,15,AURORA | MUTANT X-VE
295,15,AXIS/
297,15,"AYALA, FILIPPO"
438,15,BENCHLEY
538,15,BLACK SPECTRE/CARSON
548,15,BLACK WIDOW | MUTANT
559,15,"BLACKSHEAR, JONAS"
636,15,BOLERO/
662,15,BOULDER/
705,15,"BREWER, AMY"
785,15,"BURLINGAME, CALVIN"
814,15,CACHE
848,15,CANDLEMAS/
940,15,CAT BURGLAR
972,15,CH'VAYRE
979,15,"CHAKARA, KANU"
983,15,"CHALIZ, HAZRAM"
984,15,"CHALIZ, SHANAZ RAYNA"
985,15,"CHALIZ, TABRIAZ"
1007,15,"CHAPMAN, DEVIN"
1025,15,CHEMISTRO III
1033,15,CHI DEMON/PROFESSOR 
1060,15,"CISCERNOS, SELENA"
1162,15,CONUNDRUM/
1205,15,COYOTE
1226,15,CRIMSON DAFFODIL
1246,15,"CROSSAN, ANNIE"
1286,15,CYBORG X/
1325,15,DAKINI
1339,15,"DANTES, DR. EDWINA"
1341,15,"DANVERS, MRS. JOE"
1414,15,DEATHLOK IV
1415,15,DEATHLOK | MUTANT X-
1424,15,DECIBEL
1475,15,"DEVERAUX, INSPECTOR "
1476,15,"DEVEREAUX, IRIS"
1510,15,DIE'ODE/
1514,15,DIGGER II/
1521,15,"DIPALMA, JOHNNY"
1522,15,DIRECTOR X
1524,15,"DIRKSON, GUS"
1536,15,DOC SAMSON | MUTANT 
1560,15,"DONOHUE, TREVOR"
1618,15,DRAGONA
1633,15,"DRAN, DAMON"
1637,15,DREADFACE
1709,15,EL TIGRE
1716,15,ELEC'TRIX/
1778,15,"EVE 3,031"
1816,15,FAMINE | MUTANT X-VE
1895,15,FIRESTAR | MUTANT X-
1940,15,FOGG/THOMAS FOGG
1965,15,"FORTHWARD, KENT"
1970,15,"FORTUNE, DOMINIC"
2054,15,"GANGER, DR. ALEXEI"
2075,15,"GARRETT, JOHN"
2078,15,"GARTH, DONNA"
2111,15,"GERARD, TERENCE"
2195,15,"GOYER, SAUL"
2270,15,"GRUNCH, ALESTAIRE FI"
2277,15,GUARDIAN | MUTANT X-
2285,15,"GUNDERSON, COL. ROLA"
2320,15,"HAMILTON, JEROME"
2338,15,"HANSEN, BILLY"
2351,15,"HARGROVE, ELIAS"
2401,15,HAWKEYE | MUTANT X-V
2407,15,HAZARD/CARTER RYKING
2446,15,"HENSHAW, CURTIS"
2474,15,"HILLIARD, JACOB"
2598,15,HYZAKTL
2661,15,IRON GIANT MAN | MUT
2671,15,"IRONWOOD, CISSY"
2743,15,KATSU'TA'RO
2758,15,"KELLY, KAREN"
2759,15,"KELLY, SARA"
2784,15,KID QUARRY
2787,15,"KILGREW, BASIL BETA "
2788,15,"KILGREW, GERARD"
2826,15,"KLEIN, CAMERON"
2827,15,"KLEIN, SHIRLEY"
2828,15,"KLEIN, STANLEY"
2838,15,KNIGHT/MALCOLM KNIGH
2849,15,KO'ICHI
2902,15,KRUELLA
2957,15,"JAMESLEY, ALOYSIUS R"
2963,15,"JANSON, DR. ANDREA"
3048,15,"JOSTEN, CARL"
3153,15,"LEONARD, DR."
3157,15,"LEQUARRE, GERRY"
3165,15,LEVIATHAN IV
3204,15,"LITTLEWING, SUSIE"
3215,15,LLOIGOROTH
3226,15,LOCKDOWN
3251,15,LONKARR
3252,15,LOOP
3278,15,"LU, MR."
3310,15,M'KUMBA
3461,15,"MARKO, KURT"
3464,15,"MARLEY, MITCH MADMAN"
3502,15,MASKED MARAUDER/FRAN
3528,15,MASTERMIND IV/MARTIN
3564,15,"MCDOWELL, SCOTTY"
3587,15,"MEAGHER, TYLER"
3623,15,MEPHISTA
3639,15,METABO
3730,15,MOLTO
3753,15,MOON WOLF/
3766,15,"MOORE, CONNIE"
3781,15,MORLEY
3796,15,MOTHER OF PEARL/
3854,15,"MURPHY, MELISSA"
3936,15,NHU'ABDAR
3975,15,"NIVENA, JOANNA"
3991,15,NORTHSTAR | MUTANT X
4121,15,"P'KRRD, CAPTAIN"
4214,15,PESTILENCE | MUTANT 
4279,15,"PLEXICO, DET."
4294,15,"POLOMBO, CATHY"
4382,15,"PROVENZANO, PAULIE"
4392,15,PSYCHE II/PSYKOS/RON
4401,15,PUCK | MUTANT X-VERS
4406,15,PULSAR/PLOR
4483,15,RAHL
4493,15,"RALEIGH, RICHARD"
4514,15,RAMROD III/
4516,15,"RAND, HEATHER DUNCAN"
4578,15,REANIMATOR/
4585,15,REBOUND/
4605,15,REDJEK/
4617,15,REINHOLDT
4649,15,"RHODES, MRS."
4654,15,"RICHARDS, REED | EAR"
4745,15,ROSE II/SGT. BLUME
4751,15,"ROSELLINI, ROBERTA"
4755,15,ROSETTA STONE
4773,15,"ROYTON, RAYMOND"
4782,15,RUMOR/
4803,15,SABOTEUR/
4864,15,SASQUATCH | MUTANT X
4878,15,"SAVANNAH, LOU-ANN"
4905,15,SCATTERSHOT/NATALIA
5016,15,SHAMAN | MUTANT X-VE
5044,15,SHAZANA
5061,15,SHIGARU
5093,15,SIBERION
5206,15,SLUJ
5226,15,"SMITH, MANDY"
5251,15,SNOWBIRD | MUTANT X-
5260,15,"SOLE, MAJOR REMINGTO"
5287,15,SPARX/AURELLE
5322,15,"SPITZ, BARRY"
5329,15,SPOT/
5464,15,STONECOLD/
5474,15,STRACU
5542,15,SUNSPYRE/LEYU YOSHID
5621,15,"TANAKA, GEORGE"
5624,15,"TANAKA, RITA"
5654,15,"TAYLOR, JACK"
5713,15,THERMO II/
5819,15,TOMORROW HAWK/CEYOTE
5836,15,TOSHI
5856,15,TRAUMA
5883,15,TSERRON
5911,15,TYCHO
5920,15,TYPHOID MARY | MUTAN
5922,15,TYPHOON/
6013,15,VEDA
6018,15,VENDETTA | MUTANT X-
6036,15,VIBRATO/
6080,15,VOLGA BELLE/
6092,15,"VONYA, DR. ANATOLY"
6100,15,VULTURE II/BLACKIE D
6154,15,WATER WITCH/
6184,15,"WEISENTHAL, DR. JACO"
6205,15,"WHEELER, M'KONI MARY"
6233,15,"WIDDOWS, SGT."
6239,15,"WILCOX, DR. BRENT"
6335,15,WRAITH II/HECTOR REN
6359,15,XEMU
6400,15,ZA'KEN
6440,15,ZODIAK/NORMAN HARRIS
6455,15,ATALON
6474,15,SACRIFICER
6475,15,SKAR
6478,15,VOLCANA ASH
4,14,8-BALL/
61,14,AINET
105,14,AMPHARON
120,14,"ANDERSON, CHARLES"
176,14,APOSTATE
216,14,ARMADA II/
286,14,AVATAR
300,14,AYESHA
354,14,"BARNETT, MIKE"
369,14,BARRINGTON
441,14,"BENEDICT, ANDREW"
664,14,BOUNTY
671,14,BOX II/JERRY JAXXON
695,14,"BRANNEX, ALLESSANDRO"
716,14,BRIQUETTE/
733,14,BROTHER WONDERFUL/DR
763,14,BUEL
769,14,BULLET BIKER
879,14,CAPTAIN TERROR/DAN K
887,14,"CARBONE, ROSALIE"
929,14,CASPER
946,14,CATHODE/
977,14,CHAKA KHAN
1010,14,"CHAR, BRON"
1079,14,"CLEARWATER, JUDGE MA"
1106,14,"COFFY, DET."
1241,14,"CROSS, GENEVIEVE"
1259,14,CRUSADER II/ARTHUR B
1454,14,DENAK
1538,14,DOCTOR DREDD
1584,14,DR. DOOM DOPPELGANGE
1592,14,DR. MIME
1617,14,DRAGON OF THE MOON
1704,14,EKAK
1742,14,"ENGLEHART, STEVE"
1747,14,ENTITY II
1798,14,FACADE
1807,14,"FALCONER, CALVIN"
1811,14,"FALLON, MEG"
1903,14,"FITZPATRICK, WILL"
1913,14,FLAMBE/
1914,14,FLAME
1942,14,FOLD
2024,14,GAARK
2037,14,"GALLAGHER, BOB"
2062,14,GARABALDI
2082,14,"GATES, JUNIOR"
2094,14,GEATAR
2128,14,"GIDEON, GREGORY HUNG"
2131,14,GIL
2214,14,"GRAY, SGT."
2227,14,"GREER, DAVID"
2249,14,"GRIMM, BEN | EARTH-A"
2282,14,GULADKIN
2290,14,"GUTHRIE, JOELLE"
2293,14,"GUTHRIE, LUKE"
2294,14,"GUTHRIE, TYLER"
2392,14,HAV-AK
2428,14,HELKOOKY
2484,14,HITMAN/LT. BURT KENY
2594,14,HYPERSTORM
2617,14,IKONN
2676,14,ISIS
2681,14,"IVANOVA, ELENA"
2732,14,KARNIVOR
2814,14,KINLAN KARTH KITH
2823,14,KLAER
2843,14,"KNOBLACH, GERTRUDE H"
2844,14,"KNOBLACH, GLORIA"
2845,14,"KNOBLACH, HANS"
2920,14,"KUTUZOV, COL."
3026,14,"JONES, JOHN"
3060,14,JUGGERNAUT | MUTANT 
3092,14,"LANDERS, RAY"
3093,14,"LANDERS, RICKY"
3150,14,"LENO, JAY"
3197,14,LIONMANE/GEN. LO CHI
3260,14,"LOPEZ, MARIA II"
3330,14,"MACTAGGART, MOIRA | "
3351,14,MADMAN/PHIL STERNS
3361,14,MAGMA II/JONATHAN DA
3527,14,MASTERMIND III
3621,14,MENTUS
3646,14,"MICAWBER, TRISTRAM"
3841,14,MUNIPOOR
3843,14,"MUNROE, DAVID"
3846,14,"MUNSON, CLAUDIA"
3851,14,MURMUR/
3853,14,"MURPHY, JOBOA"
3873,14,N'GAMO
3909,14,NEDDA
3944,14,NIGHT FLYER
3968,14,NIMROD III
4079,14,ORINI
4162,14,"PARKS, JOE"
4195,14,"PELTINO, LT."
4286,14,"POGUE, BARTON"
4350,14,PRINCESS FEN [ATLANT
4352,14,PRINCESS PEARLA
4384,14,PROWLER III/RICK LAW
4482,14,RAGGADORR
4491,14,RAKKUS
4497,14,RAMA KALIPH
4556,14,RAVONNA LEXUS RENSLA
4567,14,RAZORBLADE/
4582,14,"REAVES, VERNON"
4615,14,REIKO
4620,14,"REISZ, RAY"
4625,14,REMORA
4645,14,"REYNOLDS, LINDY"
4646,14,RHAPSODY/RACHEL ARGO
4721,14,"RODRIGUEZ, DET. PHIL"
4729,14,ROK
4732,14,ROM CLONE
4768,14,"ROUSSEAU, ETIENNE"
4814,14,SAI/
4818,14,"SAINT, JOHNNY"
4837,14,"SANDERS, MAC"
4840,14,SANDMAN DOPPELGANGER
4947,14,SEA WITCH/BRIGIT O'H
4967,14,SENTRY II/BOB REYNOL
4998,14,SHADOW KING | MUTANT
5041,14,"SHAW, SAMARRA"
5177,14,SKYE
5185,14,SLASHER II
5187,14,SLAUGHTER II/CONSTAN
5240,14,SNAKESKIN II/
5291,14,SPEAR
5300,14,"SPENCER, TRACY"
5326,14,SPOOKY
5331,14,"SPRINGER, JERRY"
5359,14,"STACY, NANCY"
5379,14,STAR
5454,14,STONE
5489,14,"STRONG, MARTIN HENRY"
5496,14,"STROUGHTON, WILLIAM"
5554,14,SUPREME COMMANDER
5642,14,TAROOK
5672,14,TENDRIL/RIVER VERYS
5684,14,TERRAX
5710,14,THERMAL MAN
5835,14,TORQUE II
5851,14,TRASK
5861,14,TREMELO/
5983,14,VAGUE/
5990,14,VALTORR
6111,14,"WALKER, JILL"
6159,14,WATOOMB
6161,14,"WATSON, KEVIN"
6186,14,"WEISMAN, DR."
6194,14,WENDY
6272,14,WING
6352,14,X-MAN | MUTANT X-VER
6365,14,YANO
6410,14,ZANKOR/JAY STEVENSON
6422,14,ZEALOT/MOREAU
6458,14,FOROPULIST
74,13,ALANYA
77,13,ALBINO/DR. AUGUSTA S
166,13,ANUBIA
213,13,"ARLINGTON, DR. MARCU"
246,13,ASMODEUS
248,13,ASSAULT/
285,13,AVANDALIA
299,13,"AYALA, NESTOR"
319,13,"BAIRD, DR."
341,13,BANSHEE 2013
383,13,BATTERY/
388,13,BATWING/
492,13,BINARY | MUTANT X-VE
530,13,BLACK MARVEL/DAN LYO
551,13,"BLACK, RACHEL"
601,13,BLOKE/MICKEY TORK
631,13,BOBCAT/
634,13,BOGATYR/MIKULA GOLUB
637,13,BOLT/LAWRENCE EVANS
730,13,BROTHER VIRGIL
753,13,"BRYCE, ARCHER"
796,13,"BUSIEK, KURT"
802,13,BUZZARD
811,13,C.F.
817,13,CACTUS
821,13,CAESAR
845,13,CANCELLATOR
883,13,CAPTAIN WINGS/
918,13,"CARTER, BRAD"
937,13,CAT II
1085,13,CLOAK/TYRONE JOHNSON
1086,13,"CLOONEY, DR."
1098,13,COBWEB
1149,13,"CONOVER, HANNAH"
1150,13,"CONOVER, REV. WILLIA"
1160,13,"CONTRARES, ANASTASIA"
1176,13,CORAL
1209,13,CRANUS
1235,13,CRITIC
1263,13,CRUSHTACEAN
1295,13,CYCLOPS | MUTANT X-V
1312,13,D'WON
1317,13,DADDY WRONGLEGS
1320,13,DAGGER/TANDY BOWEN |
1335,13,"DANIELS, BRIE"
1373,13,"DAVID, PETER"
1379,13,DAY
1389,13,DEAD HEAD/
1390,13,DEAD RINGER/LOU
1391,13,DEADAIR
1429,13,"DEL HIERRO, BLANCA"
1531,13,"DIXON, GENERAL"
1610,13,DR. VOLKH/VLADIMIR O
1756,13,EQUINOX/TERRY SORENS
1774,13,ETUBAN
1839,13,"FEIFFER, DEPUTY BEAU"
1844,13,FENWAY
1854,13,FEUER
1926,13,"FLINT, LT."
1936,13,FLYING FOX
1949,13,"FONTREAUX, GUY"
2109,13,"GENUARDI, MR."
2121,13,GHOST GIRL/
2211,13,GRAVEMOSS
2234,13,GRESIG
2254,13,"GRIMM, SUE STORM EAR"
2284,13,GULLO
2298,13,"GYRICH, HENRY PETER "
2307,13,"HALBERG, DONALD"
2352,13,"HARKER, QUINCY"
2370,13,"HARRIS, MONROE"
2374,13,HARVEST II
2391,13,HAUS
2405,13,HAYDEN
2537,13,HOWLER II/ZED
2638,13,INFINITY
2641,13,INFOMORPH
2690,13,KAA
2742,13,KATOS
2754,13,KEKA' AKELUAK
2789,13,"KILLBREW, DR."
2798,13,"KIMBLE, DR."
2802,13,"KINCAID, MOSES"
2807,13,KING GEORGE VI
2818,13,KIRKEGAARD
2857,13,KOMODO
2901,13,KRUEL/VICTOR KRUELLE
2929,13,JACK O'DIAMONDS
2934,13,JACKAL II/WARREN
2985,13,JEKUAKKEKT
3002,13,JIKEKT
3062,13,JUNIPER
3094,13,LANDSCAPE/BRETT
3109,13,"LANSING, CHERYL"
3121,13,LEAD-IN
3185,13,LIGHTNING FIST
3194,13,LINAK
3238,13,LOCUST
3249,13,"LONGBOW, DESIREE"
3291,13,"LUMLEY, JUDY"
3432,13,"MANNING, DR."
3474,13,"MARTELL, SHIELD AGEN"
3517,13,MASTER MONARCH/
3554,13,"MCCABE, NINA"
3622,13,MEPHISITOID
3669,13,"MILLER, TRACE"
3756,13,MOONDARK
3783,13,MORNING STAR/ZVEZDA 
3784,13,MORPH
3785,13,MORPHEUS/ROBERT MARK
3800,13,MOUSE
3825,13,MR. TERMINEUS/AMODEU
3828,13,MS. FORTUNE/
3877,13,NAGALA
4002,13,NOVA II | MUTANT X-V
4013,13,NUMBER NINE
4039,13,OBLITERATOR II
4048,13,OGRE II
4082,13,ORPHAN II/GUY SMITH
4107,13,OVERRIDER/
4191,13,PIERSO [TRIONIAN]
4219,13,"PETROVITCH, DMITRI"
4230,13,PHAT/BILLY BOB REILL
4243,13,PICARO/FELIPE
4300,13,POPPA WHEELER
4303,13,PORGA
4313,13,"POWELL, AMY"
4333,13,"PRAZNIKI, VICTOR"
4336,13,PRESIDENT ITOES [TRI
4390,13,PSIMON
4431,13,QABIRI
4460,13,"QUINN, MIRANDA/M'RYN"
4461,13,"QUINN, MR."
4487,13,"RAINBOW, BECKY"
4532,13,RAPTOR II/PROFESSOR 
4543,13,RAT
4565,13,RAZOR WIRE/
4611,13,"REEVES, MAJOR"
4687,13,"RIORDAN, JIMMY"
4722,13,"ROEBERG, SEN."
4748,13,"ROSE, HENRIETTA"
4807,13,SABU
4815,13,SAINT ANNA
4820,13,SAKAA
4827,13,SAMHAIN
4830,13,SAMUELS
4848,13,SANTA CLAUS/NICK ST.
4880,13,"SAWYER, RYAN"
4886,13,"SCANLON, COMMANDER"
4891,13,SCARBO
4914,13,SCIMITAR
4954,13,SEEKER III
4974,13,SERAPH
5014,13,SHAMAN II
5070,13,SHIVER MAN
5086,13,SHRILL/
5124,13,SILVER SURFER | MUTA
5153,13,SISTER NIL
5184,13,SLASHER
5231,13,SMOKESCREAM/
5245,13,"SNIPES, DET."
5252,13,SNOWBLIND/
5292,13,SPECTRA/SELENA SLATE
5316,13,SPINNERET
5319,13,SPIRIT OF '76/WILLIA
5541,13,SUNSPOT/ROBERTO DACO
5567,13,SVYATOGOR/SASHA POKR
5570,13,SWEEPZWEAK
5592,13,T'KYLL ALABAR
5594,13,"TABESHAW, HARRY"
5610,13,"TAKIMOTO, RON"
5629,13,"TANNER, JACKO"
5660,13,TECHNOSPIKE
5766,13,THUNDERFIST/
5767,13,THUNDERHEAD/
5777,13,TIKUAK
5787,13,TIMESLOT
5818,13,TOMMY LIGHTNING/
5879,13,TRUMP/
5882,13,TRYKUR
5886,13,"TSUNG, MARCUS"
5891,13,TULAK
5917,13,"TYNE, ELIZABETH/JANI"
5936,13,ULTARNT
6023,13,VERITUS
6065,13,VISE/
6070,13,VIVISECTOR/MYLES ALF
6169,13,WAYFINDER
6234,13,WIDE LOAD ANNIE/ANNI
6247,13,WILD WHIP
6280,13,WIREHEAD
6294,13,WOLF SPIRIT/OWAYODAT
6395,13,YSSA
6406,13,"ZAMORA, PETE"
6444,13,ZOMBIE/SIMON GARTH
6467,13,MELONIE
45,12,"AGARN, CAPT."
68,12,AJAX II
150,12,ANOMALY III
170,12,APE MAN II/ROY MCVEY
178,12,"APPLEBAUM, PHANTASY"
218,12,ARMAGEDDON
238,12,ASBESTOS LADY
239,12,"ASH, BRANDY"
322,12,BALABAN/
432,12,BELIAL
458,12,"BERGLUND, GEN."
469,12,BERTRAM
504,12,BLACK AVENGER/JERRY 
621,12,BLUDGEON/
673,12,"BOYD, TWO-FISTED TOM"
675,12,"BRADDOCK, JAMES"
718,12,"BROGIN, BULL"
765,12,"BUKOWSKI, BUCK"
779,12,"BURKE, GWYNETH"
780,12,"BURKE, JACK"
781,12,"BURKE, JOB"
805,12,BYREL
943,12,CAT MAN III/
950,12,"CEAUSECU, IONEL"
987,12,"CHALMER, JUDGE"
1041,12,CHIRA
1067,12,CLARISSA
1107,12,"COHEN, IZZY"
1108,12,COGGER
1138,12,COMMANDER COURAGE/
1190,12,"CORTES, MARIA PILAR"
1203,12,"COWEN, ELAINE"
1213,12,CREED
1217,12,CRIME-BUSTER/
1230,12,CRIMSON DYNAMO IV/YU
1326,12,"DAKOR, YOGI"
1344,12,"DARE, JOHNNY"
1372,12,"DARROW, MARISSA II"
1374,12,DAVIDOFF
1378,12,"DAWSON, DICTIONARY"
1427,12,DEIMOS
1428,12,"DEKKER, GENERAL LYLE"
1432,12,"DELAZNY, CHARLES L."
1440,12,DELPHI II
1468,12,DESTRAK
1474,12,DEVASTATOR II/GREGOR
1489,12,"DEWITT, LUCIUS"
1537,12,"DOCKERY, RUPERT"
1652,12,"DUBOIS, HERVE"
1712,12,EL UNO
1728,12,ELO
1784,12,EXALT
1856,12,"FIDDLER, BARNEY"
1859,12,"FIELDS, MARJORIE"
1860,12,"FIELDS, PROF. WILLIA"
1861,12,"FIELDS, TODD"
1901,12,FIST/
1905,12,"FITZGERALD, MOLLY"
2002,12,FROSTBITE/DR. SLOANE
2013,12,"FURMAN, RICHARD"
2018,12,"FURY, NICK L.M.D."
2077,12,GARTH
2114,12,"GERASI, LESLIE"
2127,12,"GIDEON, CLAIRE"
2145,12,"GLAZER, FAST FREDDY"
2198,12,GRANDE DAME
2207,12,"GRANT, SILAS II"
2259,12,GRON
2275,12,GUARDIAN IV
2286,12,GUNSHIP/CARY ROUNTRE
2314,12,"HALFTREE, HORACE"
2315,12,"HALL, MORGAN"
2394,12,HAVEN/RADHA DASTOOR
2414,12,HEAT-RAY/
2491,12,"HOBBS, DET."
2518,12,"HONIKAWA, SHO"
2547,12,"HUGO, CAPTAIN EDVARD"
2643,12,INNARDS
2734,12,KARYGMAX
2738,12,KATANA/
2761,12,"KEMBLE, DR."
2780,12,KICKBACK/RICHARD
2816,12,KIRIGI
2817,12,KIRIN
2866,12,KOSHIMA
2869,12,KRAA
2886,12,KREE CAPTAIN AMERICA
2887,12,KREE GIANT MAN [KREE
2888,12,KREE IRON MAN [KREE]
2889,12,KREE SCARLET WITCH [
2951,12,JAKAL
2966,12,JARA
3108,12,"LANNING, DR."
3131,12,"LEE, LITTLE LARRY"
3133,12,"LEEBRE, VEEDA"
3162,12,"LEVESSEUR, LARENT"
3166,12,LEVIATHAN V
3200,12,"LIPTON, MILES"
3277,12,"LOWELL, DR."
3280,12,"LUBOWSKI, LUGWRENCH"
3281,12,LUCAS
3338,12,MADAME MASQUE V
3349,12,"MADDICKS, PROFESSOR "
3402,12,MALPRACTICE
3445,12,MARAUD
3508,12,MASTER ELO
3519,12,MASTER OM
3567,12,"MCGRILL, MARY"
3571,12,"MCKENZIE, LEON"
3581,12,"MCPHEE, LOUIE"
3630,12,"MERENGUES, SMOOTH MA"
3723,12,MOLE
3768,12,MOOT
3899,12,NAUDA
3938,12,"NICHOLS, TOM"
4027,12,"O'CONNOR, A.C. ACE"
4032,12,"O'HOOLIHAN, SERGIUS"
4066,12,OMERTA/
4089,12,"OSBORN, NORMAN"
4136,12,PAM
4143,12,PARADOX
4144,12,PARADOX II
4233,12,"PHILLIPS, HANDSOME H"
4238,12,PHOBOS
4271,12,PIXIE II/
4285,12,"PO, KIM"
4362,12,PRODIGY/
4421,12,PURSUER
4425,12,PYRE
4435,12,QUANTUM
4471,12,"RADCLIFFE, TODD"
4475,12,RADION
4485,12,RAI
4512,12,RAMROD
4536,12,RASPUTIN
4560,12,"RAYMOND, FRED"
4562,12,"RAYMOND, NORA JONES"
4608,12,REDWING II
4648,12,"RHODES, MR."
4679,12,RINGER II
4720,12,"RODRIGUEZ, DEBRA"
4739,12,"RON, DAN"
4749,12,"ROSE, JUSTICE"
4764,12,ROTWRAP
4780,12,"RUIZ, RHYTHM"
4808,12,"SABUKI, DR. SAM"
4834,12,SANCTION/AARON
4842,12,"SANDOVAL, DIEGO"
4870,12,SATHAN
4958,12,"SEGAR, OWEN"
4963,12,"SENREICH, GUNTHER"
5007,12,"SHAITAN, AL"
5056,12,"SHERIDAN, LEAH"
5137,12,"SINCLAIR, MORGAN"
5144,12,SIR BENEDICT
5239,12,SNAKEBITE/
5279,12,"SOUSA, PAUL"
5346,12,"ST. CROIX, LOUIS"
5397,12,"STARR, AARON"
5398,12,"STARR, JACQUELINE"
5427,12,STERN
5455,12,STONE II
5457,12,"STONE, JOHN"
5461,12,"STONE, NELSON"
5512,12,STYX/JACOB EICHORN
5562,12,"SUTTON, JOHN"
5589,12,SZARKUS
5674,12,TENELLE
5726,12,"THOMAS, DR. JOHN"
5747,12,"THORPE, GORDON"
5757,12,"THULE, GEN."
5771,12,"THURM, ETHAN"
5844,12,TRACKER
5884,12,"TSKAROV, GENERAL"
5961,12,UNIT
5975,12,URSULA
6002,12,"VANKIN, JONATHAN"
6043,12,"VIENNEAU, JACQUES"
6058,12,VIRAGO
6097,12,"VRIES, KALI"
6139,12,"WARKOVSKY, SEN."
6260,12,"WILLIAMS, MRS."
6321,12,"WOO, SONIA"
6356,12,XANDU
6357,12,XELOCKS [TRIONIAN]
6387,12,"YOUNG, KIM SUNG"
6394,12,YRIK
6448,12,ZORN
9,11,ABEL
86,11,ALIST
88,11,"ALLEN, TERRY"
90,11,ALPHA
225,11,"ARMSTRONG, ?"
244,11,ASHUR
249,11,ASTARTE
320,11,BAKER
351,11,BARKER
366,11,"BARRANCO, MARIA ESME"
372,11,"BARTLETT, STU"
434,11,BELLADONNA
448,11,"BENTLEY, MILES"
465,11,"BERNSTEIN, EMMA WEBS"
477,11,"BEYNON, DR. BRADLEY"
493,11,BIOHAZARD
542,11,BLACK TARANTULA/LAMU
549,11,"BLACK, CAL"
564,11,BLACKWULF
579,11,BLASTING CAP/
603,11,BLOOD SPIDER/
640,11,BOMBADIER/
654,11,BORAKU
655,11,BORROB
669,11,"BOWMAN, MAJ."
696,11,BRANSON
720,11,BROKER
726,11,BROTHER CAESAR
740,11,BROWSER
772,11,BULLSEYE | MUTANT X-
945,11,CATHERWOOD
952,11,"CELLANOS, MARCELLA"
990,11,"CHALMERS, MR."
1012,11,CHARLIE
1016,11,"CHASE, TREVOR"
1037,11,CHIMERA/ZUHN
1072,11,CLASH/
1075,11,"CLAYBORNE, REGINA"
1117,11,COLLECTIVE MAN II
1157,11,CONSUMPTION
1159,11,"CONTONI, PAUL"
1180,11,CORDITE
1210,11,"CRAWFORD, GEN."
1237,11,CRIX
1274,11,"CUSSLER, PHILLIP"
1275,11,"CUSSLER, PHILLIP JR."
1416,11,DEATHSHIELD/
1426,11,"DEGANN, KRIS"
1461,11,DESAK/DESAK STERIXIA
1500,11,"DIAMOND, CHUCKY"
1506,11,"DIBBS, LIONEL"
1512,11,"DIETZ, SUSAN"
1532,11,DIZZIE
1553,11,DOMINUS II
1574,11,DORREK II
1597,11,DR. PHOBOS
1603,11,DR. STRANGE DOPPELGA
1604,11,DR. STRANGE DOPPELGA
1674,11,"EARLE, CARYN"
1680,11,ECLECTA/
1723,11,ELECTRYON
1754,11,"EPURER, GISCARD"
1775,11,"ETZION, GENERAL"
1808,11,"FALK, DR. JENNIE"
1869,11,FIM
1880,11,FIREBRAND III/RICHAR
1916,11,FLARE/
1928,11,"FLORES, DAHLIA"
1930,11,"FLORES, SHANICE"
2020,11,FUSION/MARKLEY
2027,11,GADRIEL
2064,11,"GARCIA, REV."
2076,11,"GARRISON, DR."
2115,11,"GERASI, MARY ROSE"
2134,11,"GILBERTI, ROSE"
2138,11,GIRABOOR
2174,11,GOLDIELOCKS/
2186,11,GORILLA-MAN
2242,11,GRIEFSAVOR
2265,11,GROUNDHOG/SEAN BENAR
2289,11,"GUNTLY, DAVID"
2332,11,"HANCOCK, CALISTA"
2395,11,"HAVERSHAW, ANDREA"
2396,11,"HAVERSHAW, JASON"
2432,11,"HELLER, DR. JOSEPH"
2488,11,"HOARD, JOSH"
2511,11,"HOLKAR, DR. SHYAM"
2555,11,HUMAN ROBOT
2571,11,"HUNT, ROBERTA"
2576,11,"HUNTER, LANCE"
2591,11,HYNNIT
2607,11,ICON/DR. U'MBAYA A'K
2628,11,INAZUMA
2704,11,KALIN KARTH KITH
2709,11,KAMINARI
2747,11,"KAUR, BENAZIR"
2749,11,KAZE
2750,11,KEATON
2766,11,KERIVAK
2779,11,KHYBER/
2821,11,KITANG
2825,11,"KLEB, ROSA"
2839,11,KNIGHT ERRANT/MATSON
2853,11,KOJIRO
2897,11,KRONITT
2899,11,KROTOK
2905,11,KRUSH
2946,11,JAGATAR
2947,11,JAGGED BOW/
2991,11,"JERICHO, DUNCAN"
2992,11,"JERICHO, JUSTINA"
3007,11,JIOMO
3012,11,JOHNSON
3069,11,JUSUR
3074,11,L'KLEKK'TAK
3103,11,"LANGFORD, DR. DAVID"
3145,11,LEGS II/
3156,11,"LEOPOLD, ARCHER"
3186,11,LIGHTNINGBOLT II/RAN
3193,11,"LIN, PAULA"
3222,11,LOBO III
3244,11,"LOHAN, PETER"
3282,11,"LUCAS, JAMES"
3400,11,MALOVICK/
3457,11,MARISSA (OF GENE-TEC
3512,11,MASTER MAN II/ALEXAN
3516,11,MASTER MOLD III
3535,11,MASTON-DAR
3542,11,MAX II
3563,11,"MCDONNELL, OSCAR"
3574,11,"MCKENZIE, SCARLETT"
3598,11,"MEER, MAX"
3611,11,"MENDELSON, DR. MACK"
3645,11,MIBA
3660,11,MIESHO
3688,11,MINXI [INHUMAN]
3695,11,MISS ITCH/BLISS
3749,11,"MOOMJI, INDRIES"
3790,11,MOSES
3791,11,MOSH/GLENN
3798,11,MOTHER-OF-PAIN
3821,11,MR. SCRATCH II/BLISS
3834,11,"MULDOON, TEXAS JACK"
3855,11,"MURPHY, SEAN"
3858,11,MUSTANG/
3872,11,N'GAMI
3993,11,NOTE
3996,11,NOVA III/FRANKIE RAY
4014,11,NUMBER ONE FAN/PROF.
4020,11,NUWA
4034,11,"O'MEARA, KATHLEEN"
4058,11,OLIVIER
4094,11,"OSNICK, OLLIE"
4101,11,OUTLAW/NIGEL HIGGINS
4163,11,"PARKS, JUDITH"
4180,11,"PAYGE, REEVA"
4181,11,"PAYNE, EDWARD"
4182,11,"PAYNE, MICHAEL"
4183,11,PEACEKEEPER/JOSHUA
4186,11,"PEARSON, AUBREY"
4193,11,PELE II
4194,11,PELIALI
4201,11,PENNSU
4251,11,PILEDRIVER
4287,11,POISON/CECILIA CARDI
4356,11,PRINCESS ZANDA
4391,11,PSIREN
4428,11,PYRON/
4464,11,QUORUM/
4469,11,"RABIN, GRETTA"
4507,11,RAMON
4528,11,RAPIDO
4544,11,"RATLIFF, OFFICER LAR"
4553,11,"RAVEN, SABBATH II/EL"
4561,11,"RAYMOND, HENRY/ADAM "
4564,11,RAZOR/
4613,11,REI
4626,11,"RENKO, DR. IRENO"
4633,11,RETREAD
4667,11,"RIDGEWAY, DAWN"
4686,11,RINTRAH DOPPELGANGER
4774,11,RU
4788,11,RY'LOR
4793,11,"RYKER, GENERAL"
4816,11,SAINT ELMO
4838,11,"SANDHURST, VINCENT"
4926,11,"SCOTT, JAKE"
4955,11,SEER
4965,11,SENSO
4971,11,SENTRY 571
4993,11,"SHAARA, MR."
4994,11,"SHAARA, MRS."
4995,11,"SHAARA, SANJIT"
5023,11,"SHAPANDER, KARIMA"
5027,11,SHARK/
5052,11,SHELL/
5079,11,SHOT/
5097,11,SIEGE/JOHN KELLY
5101,11,SIGMAR
5157,11,SISTER SOPHIA
5163,11,SKEWER
5172,11,SKULL-JACKET
5198,11,"SLOAN, ANNA"
5210,11,SMART ALEC/ALEC THOR
5222,11,"SMITH, DR. ARMSTRONG"
5249,11,"SNOW, VICTORIA"
5253,11,"SOAP, DET."
5298,11,SPEEDFREEK/SHAPPE
5302,11,"SPETSBURO, GEN. YURI"
5365,11,STALKING FOX
5369,11,STAMPEDE/
5422,11,"STERIXIAN, ALMONNAS"
5423,11,"STERIXIAN, LOATIA"
5443,11,STINGER II/
5449,11,STITCH/
5508,11,"STYGE, REV."
5510,11,STYGLUT/
5511,11,STYRAK
5518,11,"SUEE, FAH LO"
5598,11,TAE
5612,11,"TAL, GENERAL"
5641,11,TARNOK-KOL
5662,11,TEI
5689,11,TERROR/LASLO PEVELY
5714,11,THERNON
5727,11,"THOMAS, DR. STAN"
5728,11,"THOMAS, IDA"
5759,11,THUMPER
5781,11,"TILTON, ROLAND R."
5798,11,TITHE COLLECTOR
5807,11,TOL-NOK
5808,11,TOLOC
5855,11,"TRASK, RAYMOND"
5869,11,TRIAX
5894,11,TUMBLER/JOHN ROBERT 
5926,11,TYRANT
6022,11,VENUS II
6082,11,VOLKHVY
6106,11,"WAGNER, ERNIE WHACK "
6122,11,"WALTERS, CHAP"
6180,11,WEED
6240,11,WILD BLOOD
6245,11,WILD ONE
6298,11,WOLFGANG
6323,11,"WOODS, MIRANDA"
6324,11,"WOODS, TIMOTHY"
6379,11,YGMLOSVORRAICH
6382,11,YLA
6386,11,"YOUNG, AGNES"
6389,11,"YOUNG, LOUISE"
6391,11,"YOUNG, MR."
6399,11,YURGE
6407,11,"ZANE, DONOVAN"
6426,11,"ZEITGEIST, NICOLA"
6428,11,"ZELIG, LON"
6443,11,ZOM
25,10,"ADAMS, CONGRESSMAN H"
34,10,ADRIA
40,10,AFTERLIFE
54,10,AGON
145,10,ANIMATOR II/
167,10,ANVIL/JOHNNY ANVIL
263,10,ATLAS III
264,10,ATOM SMASHER/
283,10,AUTOLYCUS
338,10,"BANNERJEE, DR."
382,10,BATTERING RAM
389,10,BAV-TEK
433,10,"BELL, HERBERT"
444,10,"BENNETT, DANNY"
445,10,"BENNETT, MITCH"
488,10,"BIGGERS, MELVIN"
515,10,BLACK HOLE/MORTON KI
587,10,"BLINK/FERGUSON, CLAR"
588,10,BLISS
657,10,"BOSCO, ELAINE"
660,10,"BOUDREAUX, BELLA DON"
663,10,BOUNCER
667,10,"BOWDEN, DENNIS"
683,10,BRAIN CELL/
711,10,"BRIGGS, AGENT"
786,10,BURNING PUDDLE
799,10,BUTTONS
818,10,CADAVER
852,10,CANE/
877,10,CAPTAIN POWER/DR. CH
892,10,"CARDINALE, CARLOS"
896,10,CARGO
901,10,"CARLTON, JAKE"
902,10,"CARLTON, LUCY"
988,10,"CHALMERS, CYNTHIA"
993,10,CHAMBLISS
1019,10,CHAUFFARD
1049,10,CHTYLOK
1055,10,CINDER/
1078,10,CLEARCUT/
1102,10,CODY
1134,10,COMBAT/
1181,10,"CORDOVA, JUAN"
1183,10,CORONA/DAGNY FORREST
1185,10,CORONER
1240,10,CROSS/
1252,10,"CROW, REV. JOSHUA"
1253,10,"CROWE, GERONIMO"
1294,10,CYCLOPS II
1305,10,"D'ALEXIS, AMBER"
1333,10,DANGOR
1334,10,DANIA
1395,10,DEADLY DORIS
1398,10,"DEAN, BETTY"
1433,10,"DELAZNY, DORIAN"
1455,10,"DENNAGER, MICHAEL"
1456,10,"DENNEHY, ROBERT"
1485,10,"DEVOOR, ALBERT"
1564,10,DOOMSDAY MAN II
1579,10,DR. ANGST/FLOYD MANG
1609,10,DR. VAULT
1626,10,DRAGONUS
1714,10,ELAMRON
1770,10,"ESTAVES, DR. ROSA"
1771,10,"ESTAVES, MARIE"
1785,10,EXALTED ONE
1848,10,"FERGUSON, ISABEL"
1868,10,"FILLMORE, SHERIFF DO"
1888,10,FIREFIST II/
1898,10,"FISHER, PROF. FRANCE"
1902,10,FITCH/
1915,10,FLAME II
1941,10,"FOGG, ARCHIMEDES ARC"
1955,10,FORD
1964,10,"FORRESTER, DR. CEDRI"
1968,10,"FORTUNATO, JAMES"
1969,10,"FORTUNATO, MARY"
1979,10,FRANKIE THE FISH
1983,10,FREDD
2025,10,GABRIEL III
2033,10,"GALANNAN, BILL"
2074,10,GAROTTE/
2116,10,"GERHARDT, JOSEPH HEI"
2137,10,GIN GENIE/BECKAH
2163,10,GOG II
2190,10,GORR
2193,10,"GOTTFRIED, WILLIS"
2225,10,"GREEN, LILA"
2241,10,GRID
2253,10,"GRIMM, PETUNIA PENNY"
2271,10,GRUX
2287,10,GUNTHAR
2324,10,HAMMER/LEROY JACKSON
2325,10,HAMMER II/
2346,10,HARDWIRE/
2355,10,HARMONY
2367,10,"HARRIS, BERNARD"
2379,10,HATCHET MAN/HACHIMAN
2393,10,HAV-ROGG
2404,10,"HAWLEY, PAMELA"
2417,10,"HECK, DON"
2440,10,"HELLSTROM, VICTORIA"
2495,10,HOBGOBLIN III/LEFTY 
2621,10,IMPACT/
2714,10,"KANE, SUGAR"
2715,10,KANGAROO/FRANK OLIVE
2725,10,"KARLSON, KAREN"
2763,10,"KENNEDY, LOUISE"
2767,10,KESTRUS
2791,10,"KILLDRAGON, HARMONY"
2850,10,KO-GAR
2861,10,KONO
2868,10,"KOWALSKI, TRISH"
2871,10,KRAGAR
2956,10,JAMEKA
2982,10,"JEFFERSON, DR."
2988,10,"JENKINS, WALTER"
3004,10,"JILLETE, RANDI"
3040,10,"JONES, WILLIAM"
3058,10,JUDGE KRAY-TOR
3065,10,JURIAS
3076,10,LA NUIT
3089,10,LANDA
3102,10,"LANG, TIMMY"
3110,10,"LAO-TSE, GEN."
3177,10,LIBRA III/
3195,10,"LINCOLN, WILLIAM WIL"
3201,10,"LIPTON, TRENTON III"
3369,10,MAGOG
3399,10,"MALONE, JULIUS"
3458,10,MARISTA
3473,10,"MARSHALL, GRANT"
3529,10,MASTERMIND V
3536,10,MATADOR/MANUEL ELOGA
3566,10,"MCGIVENEY, BULL"
3599,10,MEGA MAX/
3610,10,MEME
3635,10,MERRIAN
3640,10,METALSLASH/
3650,10,"MICO, RODOLFO"
3665,10,MILLENNIUM MONARCH
3673,10,MINDMELD/
3679,10,MINI MAX/
3698,10,MISS SACCHARINE
3704,10,MISTER CLEAN
3735,10,MONGU
3738,10,MONSTER FROM THE LOS
3807,10,MR. FEAR/ZOLTAN DRAG
3845,10,MUNSON
3926,10,NETTLES
3997,10,NOVA 0:0
4008,10,NUGENT
4021,10,"NYLES, JENNIFER"
4041,10,OCCULUS
4115,10,"OXNARD, PHIL"
4175,10,"PATTERSON, JACK"
4215,10,PET
4218,10,"PETRIE, JUDGE RICHAR"
4249,10,PIGSKIN/
4254,10,PILGRIMM
4257,10,"PINKERTON, PERCIVAL "
4276,10,PLASMA WRAITH
4277,10,PLAZM
4323,10,"POWER, DR. MAX"
4376,10,"PROSPERO, DR./HARPER"
4470,10,"RACAL, CONSTANTIN"
4524,10,"RANIER, MIKE"
4549,10,"RAVEN, HELEN"
4551,10,"RAVEN, MATTHEW"
4577,10,"REANDEAU, DR."
4586,10,RECKLESS ERIC/
4644,10,"REYNOLDS, KATHERINE"
4658,10,"RICKMAN, JONATHAN"
4670,10,"RIFKIN, MARJORIE"
4675,10,"RILEY, JACK"
4710,10,ROC/
4734,10,"ROMAN, DR. NILES"
4737,10,"ROMITA, JOHN"
4742,10,"ROOSEVELT, FRANKLIN "
4763,10,"ROTH, DR. GERALD"
4770,10,"ROWEN, CARL"
4771,10,"ROWEN, MIKE"
4787,10,RUSSIAN
4798,10,RYNDA
4822,10,SALOME
4846,10,SANGRE/JULIA CONCEPC
4852,10,"SAPIR, HERSCHEL"
4883,10,SCALEFACE/
4906,10,SCENE STEALER
4911,10,"SCHUYLER, DR. REBECC"
4927,10,"SCOTT, PARIS"
4952,10,SEDNA
4985,10,"SEVERIN, MARIE"
5010,10,SHALAK
5062,10,SHIN
5091,10,SHYM'R
5107,10,SILENCE/
5134,10,"SIMPSON, CRASH"
5158,10,SITTING BULLSEYE/
5203,10,SLOTOTH
5207,10,SLUK
5212,10,SMASHER II
5274,10,"SOTO, BERNARD"
5278,10,SOUNDBYTE/
5282,10,SPANKER/FRED HOVEL
5377,10,"STAPHOS, DR. MONICA"
5434,10,"STEWART, MARY"
5439,10,STILETTO II/
5556,10,SUPREME ONE
5585,10,SYPHONN
5608,10,"TAKAHASHI, REI"
5627,10,"TANNEN, VINCENT"
5679,10,TEQUILA/
5695,10,TEUTONIC KNIGHT/FRAN
5698,10,THAIS
5730,10,"THOMAS, KIM HO TWAE"
5772,10,TIAMAT
5780,10,TILLIE THE HUN/MATIL
5841,10,"TOWNSEND, CHRIS"
5857,10,TRAVELER
5871,10,TRICKSTER
5872,10,"TRIMPE, HERB"
5915,10,TYN-DARMUTH
5947,10,UNA
5957,10,UNICORN III/
5995,10,VANCE REBUS/
6004,10,VARGAS
6029,10,"VERSCHLAGEN, FRAU"
6041,10,VIDAR
6069,10,VITCHEN
6125,10,"WANG, LI"
6199,10,"WEST, DALE"
6213,10,WHITE DRAGON
6214,10,WHITE DRAGON II
6252,10,WILDSTREAK
6261,10,"WILLIAMS, NILES"
6355,10,X'HOSS
6373,10,YELLOW CLAW ROBOT
6388,10,"YOUNG, LAWRENCE"
6408,10,ZANIAC/BRAD WOLFE
6425,10,ZEITGEIST II/AXEL CL
6442,10,"ZOLA, ARNIM II"
6469,10,MINT JULEP
6472,10,RATTACK
6473,10,SABRE
103,9,AMINEDI
134,9,ANGEL 2013
142,9,"ANGSTROM, EARL"
160,9,ANTIBODY
215,9,ARMADA
220,9,ARMAND
222,9,ARMAZIEL
265,9,ATOM SMASHER II/
271,9,AUNTIE FREEZE/
347,9,"BARBAROSSA, MARIO"
370,9,"BARRON, RICK"
378,9,BASILISK II
404,9,BEAST 2013
436,9,BELLE
439,9,"BENDIX, DR. ALBERT"
466,9,BERSERKER
535,9,BLACK RAAZER/
550,9,"BLACK, CYRUS"
597,9,BLOCKBUSTER/
628,9,BLUR
658,9,BOSHLOVOR
677,9,"BRADDOCK, JOHN"
702,9,BREAKER/RAAK
715,9,"BRINKE, NIOMI"
724,9,"BROOKS, ANNA"
743,9,BRUNNHILDE/MCM-XLI (
755,9,"BUCHETTO, SALVATORE "
758,9,"BUCKMAN, EDWARD"
826,9,"CAIRN, DET."
834,9,"CALLAGHAN, JAMES"
873,9,CAPTAIN MANHATTAN
894,9,CARETAKER
948,9,CATWALK/KIMBERLY DEE
960,9,CERBERUS II
997,9,"CHAN, SARAH"
1064,9,CITYDWELLER/JERRY | 
1076,9,"CLAYTON, KATRINKA JA"
1105,9,"COFFIN, WARDEN JOHNS"
1122,9,"COLLINS, EMMA"
1192,9,COSMIC MESSIAH
1218,9,CRIME-MASTER/NICK LU
1239,9,"CROMWELL, HAMILTON"
1290,9,CYCLOPS 2013
1318,9,DAGDA
1338,9,DANTE
1375,9,"DAVIS, ABBY"
1376,9,"DAVIS, PRINCIPAL"
1386,9,"DE LA JOYA, SISTER M"
1388,9,"DE LA SPIROSA, COUNT"
1418,9,DEATHTOLL
1436,9,"DELGADO, LUZ"
1508,9,DICE/ROB FORTUNE
1511,9,"DIEGO, MANUEL"
1557,9,DONAR
1591,9,DR. MIDAS/
1611,9,DR. ZEUS
1631,9,"DRAKE, MALCOLM"
1644,9,"DRISCOLL, MAYOR"
1790,9,EXECUTIONER V
1810,9,"FALLON, HOWARD"
1827,9,FAROUK
1857,9,FIELDER
1884,9,FIREFALL III/ARCHIE 
1922,9,"FLEMING, PHILIP"
1931,9,"FLORESCU, ANTON"
1933,9,FLUX/PRIVATE BENNY T
1981,9,"FRASER, DET. KATE"
1985,9,"FREDERICKSON, KOLINA"
1995,9,FROH
2056,9,"GANNON, RICH"
2057,9,"GANNON, SGT. FRANK"
2085,9,GATTLING/
2150,9,GLITTER/
2151,9,GLOB/DR. SUMNER BECK
2175,9,GOLEM/JACOB GOLDSTEI
2178,9,GOMURR
2181,9,"GOONER, MELVIN"
2194,9,"GOULDING, DR."
2200,9,GRANITOR
2245,9,GRIFFIN III
2267,9,"GROVES, GEN. MCALLIS"
2300,9,HACK/
2327,9,HAMMER IV/
2359,9,HARPY II
2362,9,"HARRAS, BOB"
2371,9,"HARRISON, COL. EDWAR"
2387,9,"HATORI, DESMOND"
2398,9,HAVOK | MUTANT X-VER
2439,9,HELLSTORM DOPPELGANG
2475,9,"HINDS, PATRICK"
2515,9,HOLY/FATHER HECTOR R
2550,9,HULK IV
2609,9,IDNAR
2644,9,INNOCENT
2646,9,INSOMNIA/
2687,9,K'RIN
2691,9,KABALLA
2701,9,"KALE, NAOMI"
2751,9,KEEPER OF THE COMICS
2792,9,KILLER CLOWN
2841,9,"KNIGHT, LEO"
2864,9,KORREK
2916,9,"KUROV, WASSILY"
2953,9,"JAKES, JUDSON"
2974,9,JASMINE
3009,9,JOCASTA II
3017,9,"JONES, ARMAND"
3099,9,"LANG, ALLISON"
3116,9,"LAU, KING"
3158,9,"LESTRADE, DR."
3192,9,"LIN, MEI"
3213,9,LIZARD II
3240,9,LOGA
3256,9,"LOPEZ, ANTONIO"
3258,9,"LOPEZ, JOSE"
3259,9,"LOPEZ, MARIA"
3261,9,"LOPEZ, SALMA"
3303,9,LYLLA
3315,9,MACE
3366,9,MAGNOR
3384,9,MAJOR LOVE
3385,9,MAJOR MAPLELEAF/LOUI
3404,9,MALTZ
3412,9,MAN-OF-WAR
3466,9,"MARLOWE, STEVE"
3467,9,"MARLOWE, STEVE JR."
3501,9,"MARX, DR."
3539,9,MAUVIUS
3551,9,"MCBRIDE, BEATRICE"
3558,9,"MCCORMICK, FIONA"
3584,9,"MEACHUM, HAROLD"
3595,9,MEDUSA II
3649,9,MICHELLE
3664,9,MILLENIUS
3686,9,MINOTAUR III
3763,9,MOONSTOMP/
3767,9,"MOORE, TONI"
3787,9,"MORRISON, AMANDA PAY"
3788,9,"MORRISON, JESSICA"
3789,9,MORETTI
3817,9,MR. MOBIUS
3882,9,"NAIP, SYNTHIA"
3951,9,NIGHTCRAWLER 2013
3972,9,NIRA
3981,9,NOCTURNE II/ANGELA C
4012,9,NULLITRON
4122,9,"PACE, MICHAEL"
4139,9,PAPA GRANITE
4185,9,PEARLA
4199,9,"PENDRAGON, ARTHUR"
4200,9,"PENNINGTON, AUDRA"
4305,9,"PORTER, KIM"
4369,9,PROFESSOR X | EARTH 
4389,9,PSI-WOLF/NIKOLAI VON
4405,9,"PULASKI, JOSEPHINE J"
4422,9,"PUSHKIN, IVAN"
4457,9,QUIET BILL
4498,9,RAMAN
4509,9,"RAMOS, MANUEL"
4554,9,RAVENWOOD
4573,9,RAZORFIST ROBOT
4584,9,REBO
4635,9,REVELATION II/
4666,9,"RIDGE, CHRISTINA DEV"
4668,9,"RIESER, ROB"
4688,9,RIOT/HEIDI SLATKIN
4724,9,"ROGERS, CAPT. STEVEN"
4792,9,RYDER
4795,9,"RYKER, LUCY"
4810,9,"SAGE, HENRY"
4828,9,SAMMAEL
4829,9,SAMSON
4897,9,SCARLET SCARAB/DR. F
4987,9,"SEWARD, ANNE"
4988,9,"SEWARD, DR. CHARLES"
4989,9,"SEWARD, ELISABETH"
4990,9,"SEWARD, JANE"
5005,9,SHADOWKNIGHT/RANDALL
5095,9,SICKLE II/
5145,9,SIROCCO
5213,9,SMASHER III
5219,9,"SMITH, ANDY"
5223,9,"SMITH, HELEN BACK"
5265,9,"SOMERS, KATHY"
5305,9,SPHINX III
5382,9,STAR THIEF II
5413,9,"STEELE, SIMON/WOLFGA"
5492,9,STRONGARM II/ARMSTRO
5534,9,SUNDRAGON/PAMELA DOU
5626,9,"TANNEN, PAUL"
5632,9,TAR
5638,9,TAREVA
5675,9,"TENG, NIKKI"
5677,9,"TENNYSON, JACOB"
5701,9,"THAMES, SERIPHA"
5712,9,THERMO/DR. WALTER MI
5742,9,THOR | EARTH 253
5864,9,"TREVANI, DANIKA"
5943,9,ULTRON 2010
5950,9,UNCLE PYKO
5952,9,UNDERTAKER/CONRAD EI
5963,9,UNSEEN/UNAM
5993,9,"VAN NUYS, PROF. RODE"
6017,9,VEIL
6042,9,VIENNA
6063,9,VISALIA
6074,9,VOGEL
6087,9,"VON DOOM, CYNTHIA"
6088,9,"VON FRANKENSTEIN, BA"
6107,9,"WALDERS, BEATRICE"
6118,9,WALRUSS
6172,9,"WEALS, MELVIN J."
6177,9,"WEAVER, ZEKE"
6192,9,WENDIGO V/ANDRE
6201,9,"WESTPHAL, SIMON"
6203,9,"WEYING, ANN"
6204,9,WHEELER
6222,9,"WHITE, PROFESSOR"
6314,9,WONDER MAN 2010/SIMO
6317,9,WONG CHU
6371,9,"YEE, WAI CHEE"
6390,9,"YOUNG, MAX"
6396,9,"YUAN, ANNIE"
6479,9,WARLORD
5,8,A
7,8,"ABBOTT, JACK"
72,8,"AKUTAGAWA, OSAMU"
109,8,ANAIS
153,8,ANSWER II/DAVID FERR
159,8,ANTI-VISION
196,8,ARCTURUS
231,8,ARSENAL II
234,8,ARVAK
236,8,ASANO
243,8,"ASHER, MICHAEL"
266,8,ATOM-SMASHER/
307,8,AZURE
310,8,"B'KOSA, GEN. JONATHA"
352,8,"BARKER, MATTHEW T."
371,8,"BARROWS, WALTER"
373,8,"BARTON, SEN."
393,8,"BAYLOR, FRANK"
402,8,BEAR/
407,8,BEAST DOPPELGANGER I
413,8,"BECKLEY, BENNY"
447,8,"BENNY, JAKE"
566,8,"BLAIR, CALEY"
589,8,"BLISS, BONNIE"
600,8,BLOK
607,8,BLOODHOUND/
615,8,BLOODWING [SHI'AR]
623,8,BLUE BULLET/PROF. JO
681,8,BRAHAMS
690,8,"BRANDEIS, CAMMY"
775,8,"BUMPO, MR."
833,8,"CALKIN, SUSAN"
841,8,"CAMBRIDGE, MOXIE"
849,8,"CANDLER, OWEN"
863,8,CAPTAIN AMERICA DOPP
868,8,CAPTAIN BRITAIN 2013
903,8,CARLY
911,8,"CARR, DAN"
954,8,CENTURIUS
1008,8,"CHAPMAN, GEN. ULYSSE"
1020,8,CHECK
1081,8,CLEOPATRA
1083,8,"CLINTON, CHELSEA"
1143,8,"CONCIERGE, LE/"
1173,8,COPPERHEAD IV/
1208,8,"CRANDAL, BEN"
1216,8,CREEP/
1279,8,CY-PHYRR 4
1340,8,"DANVERS, JOE"
1351,8,DAREDEVIL DOPPELGANG
1362,8,DARK ONE
1401,8,"DEANGELO, DEVLIN"
1405,8,DEATH'S HEAD
1458,8,"DEPALMA, MR."
1463,8,DESOLATION/
1466,8,DESTINY/PAUL DESTINE
1495,8,DHEREK
1523,8,DIRGE/
1526,8,DIRTY WOLFF
1540,8,"DOCTOR, DR. JOSHUA"
1552,8,DOMINUS
1576,8,DOUGLOCK 2013
1593,8,DR. NEMESIS/DR. STOC
1608,8,DR. SYNNE
1612,8,DRACCHISS
1648,8,"DRUMM, COLLETTE"
1651,8,"DUBOIS, DR. CLAUDIA"
1678,8,ECCE [WATCHER]
1706,8,EL CONQUISTADOR
1724,8,ELITE/
1749,8,EPHESUS
1751,8,"EPSTEIN, MORRIS"
1752,8,"EPSTEIN, MRS."
1753,8,"EPSTEIN, PROF. NORA"
1781,8,EVERWRAITH/
1800,8,FAGIN
1826,8,"FARGO, FLAGG"
1843,8,"FENTON, BARNEY"
1866,8,"FILLMORE, BETTY"
1867,8,"FILLMORE, GARRET"
1882,8,FIREFALL/KARAS
1894,8,FIRESTAR DOPPELGANGE
1904,8,"FITZGERALD, KENNY"
1932,8,FLUFFY
1939,8,"FOGELSTROM, HIRAM"
1977,8,"FRANKENSTEIN, BASIL"
2007,8,"FUJIKAWA, KENJIRO"
2021,8,FUTURIST
2034,8,"GALE, SHERIFF"
2055,8,"GANGER, CARMEN"
2059,8,GANYMEDE
2086,8,"GATZ, WILLIAM BILLY"
2087,8,"GAULTHING, ANDERSON"
2098,8,GEIGER/DELILAH DEEDE
2110,8,"GEORGE, DAVID LLOYD"
2157,8,"GNUCCI, MA"
2215,8,"GRAZIA, VINCENT VINN"
2317,8,HALLOWEEN JACK
2348,8,"HARDY, MORGAN MACNEI"
2375,8,"HARVEY, SUE"
2456,8,HETH'SA
2477,8,HINKLEY
2500,8,HOFFMAN
2538,8,"HOYT, TONY"
2597,8,HYPNO-HUSTLER/
2616,8,IKARYS
2696,8,"KAISHEK, KIA"
2699,8,KALADAR [SHI'AR]
2702,8,KALI
2719,8,KAREL
2727,8,KARMA 2013
2752,8,KEERG
2806,8,KING CADAVER
2820,8,"KITAGOWA, DR. KITTY"
2870,8,"KRAFT, DONNA"
2990,8,JENSKOT/ALIYA
3085,8,LAMENT/
3105,8,"LANGTREE, GINA"
3191,8,"LILLIAN, BEA"
3206,8,LIVING ERASER
3230,8,LOCKHART
3255,8,"LOPEZ, ANGELA"
3288,8,"LUDLUM, ROSS"
3306,8,"LYTH'KA, COMMANDER"
3342,8,MADAME ROSE
3355,8,MAESTRO
3443,8,"MANTONE, JORGE"
3453,8,MARIK
3552,8,"MCBRIDE, MARTHA"
3562,8,"MCCULLOUGH, DR. ANDR"
3575,8,"MCKNIGHT, BOB"
3578,8,"MCMURRAY, YVONNE"
3580,8,"MCPHAIL, NATALIE"
3602,8,MEGGAN 2013
3661,8,"MIFUNE, DR."
3684,8,MINOTAUR
3714,8,MODEM/
3739,8,MONSTROID/BALIOX/7NH
3741,8,MONTANA II
3803,8,MR. DEATH
3819,8,MR. PAYBACK/
3826,8,MR. X
3830,8,MS. NOVA
3835,8,"MULLANY, MIKE"
3863,8,"MYLZOB'RYN, CHIEF"
3897,8,"NASH, JOHN JOHNNY TH"
3898,8,"NASH, SABRINA"
3954,8,NIGHTFIGHTER/
4017,8,NURIL
4019,8,NUTT
4055,8,OLALLA
4084,8,ORWELL
4091,8,OSHIMA
4095,8,OSWALD
4097,8,OTHER II
4164,8,"PARRISH, MAX"
4170,8,PATCHWORK/KYLE BARKE
4205,8,"PEREZ, DET. CECILIA"
4250,8,"PIKE, FRISCO"
4298,8,POPE
4371,8,PROGENITOR
4396,8,PSYLOCKE 2013
4424,8,"PYRAKH, COMMANDER"
4510,8,"RAMOS, ROGER"
4546,8,RAVAGE/PROF. GEOFFRE
4570,8,RAZORFIST II
4631,8,REQUIEM/
4643,8,"REYNOLDS, DR."
4657,8,"RICHMOND, DELROY"
4725,8,"ROGERS, W.T."
4746,8,ROSE III/
4973,8,"SENYAKA, TIA"
4986,8,"SEVILLE, STACY"
5029,8,"SHARP, TRINA"
5069,8,SHIVA
5152,8,SISTER MARIA
5154,8,SISTER PERPETUA
5264,8,"SOMERS, JOHNATHAN"
5272,8,SORROW/
5273,8,SOTEIRA
5348,8,"ST. GERMAINE, COMTE"
5357,8,"STACY, HELEN"
5363,8,"STALIN, JOSEF"
5476,8,STRANGE
5523,8,"SUMMERS, DEBORAH"
5526,8,"SUMMERS, PHILIP"
5549,8,SUPER-ANDROID F-4
5581,8,SYNAPSE/
5590,8,T
5596,8,TABULA RASA
5605,8,"TAKACHIHO, MRS."
5617,8,TALISMAN III/NAHITA
5625,8,TANGERINE 2013
5659,8,TECHNOCRAT/RANDY
5673,8,TENEBRAE
5721,8,THINGEE
5729,8,"THOMAS, JEANIE"
5748,8,"THORPE, LUKE"
5853,8,"TRASK, DR. DONALD TR"
5888,8,TU
5892,8,TULL
5903,8,TURMOIL
5918,8,TYPEFACE/GORDON THOM
5933,8,UGLY JOHN/STEVE
5977,8,URTHONA
5997,8,"VANE, ROGER"
6009,8,VAVELLA
6015,8,"VEGA, ROBIN"
6020,8,VENOMM
6037,8,VIBRAVORE
6040,8,VICTORIUS/PROF. VICT
6077,8,VOID
6089,8,"VON RICHTOFEN, LT. M"
6093,8,VOR/TEX
6101,8,VULTURE III/DR. CLIF
6119,8,"WALSH, CAPT. ALEXAND"
6151,8,WATCHDOG
6165,8,"WATSON, TOMMY"
6185,8,"WEISENTHAL, DR. JONA"
6187,8,"WEISS, KONRAD KONNIE"
6195,8,"WENTWORTH, JENNIFER"
6197,8,"WERNER, P.D.Q."
6212,8,WHITE BIRD/AMARA
6250,8,"WILLIFORD, BRENT"
6258,8,WILLIAMS JOHN
6284,8,"WISDOM, PETE 2013"
6301,8,WOLFSBANE 2013
6337,8,WRANGLER II/EMILY DO
6339,8,WRECKER/DR. KARL KOR
6344,8,"WU, SONIA"
6436,8,"ZINOVIEV, IVAN"
6447,8,ZOOG [KYMELLIAN]
6449,8,ZOTA
6457,8,DEATHRAVEN/JOSHUA RA
26,7,"ADAMS, GEORGE"
27,7,"ADAMS, MARTHA"
85,7,ALIOTH
100,7,AMERICAN SAMURAI/
101,7,AMERICOP/
140,7,ANGKOR
221,7,ARMAROS
241,7,"ASHER, CARL"
242,7,"ASHER, DONNA"
292,7,"AVRIL, YVETTE"
302,7,AZAZEL II
358,7,BARON MACABRE/
368,7,BARRIER/
380,7,BATAL/
390,7,BAXTER
452,7,"BERDITCHEV, ITZHAK"
462,7,"BERNHARD, CLARICE"
526,7,BLACK KNIGHT VI/PROF
646,7,BONITA
694,7,BRANNEX
697,7,BRASS/SEAN WATANABE
815,7,"CACHES, FABIAN"
823,7,"CAESAR, JULIUS"
839,7,CALUMET
886,7,"CARBONE, JULIUS"
888,7,"CARBONE, SALVATORE"
908,7,"CARPATHIAN, ANDREW"
927,7,CASEY
978,7,CHAKA KHAN II
1212,7,CRAZY EIGHT/LESLIE A
1233,7,CRIMSON DYNAMO VIII/
1242,7,"CROSS, HAROLD"
1249,7,CROSSBOW
1315,7,"DABUTA, NIGEL"
1368,7,"DARKOVER, PROFESSOR "
1377,7,DAWN
1396,7,DEADMAKER/GREGORI AN
1404,7,DEATH STING/MIRANDA 
1482,7,"DEVILLE, JENNIFER CR"
1539,7,DOCTOR MANDIBUS
1641,7,DREAMGUARD/DEPUTY WI
1668,7,DUSK III
1698,7,"EHMAN, HEIDI"
1768,7,ESSEX
1797,7,EZEKEEL
1799,7,FACE/COL. EISEN
1837,7,FAZE
2100,7,GEIST
2147,7,GLEEG
2187,7,GORN
2255,7,"GRIPPO, BILLY"
2262,7,"GROSS, IRA"
2308,7,"HALDEMAN, CALVIN"
2337,7,HANRANSHA/ASAHI
2388,7,HAUPTMAN
2523,7,"HORTON, DOUGIE"
2528,7,HOTAMITANIO
2531,7,HOUSE OF SHADOWS
2580,7,HURRICANE II
2601,7,ICE WORM
2608,7,ICONOCLAST
2640,7,INFINITY THRALL
2648,7,INTELLIGENTSIA
2679,7,"ITOBU, DR. JOSHUA"
2686,7,K'AD-MON
2694,7,"KAISHEK, GOM"
2695,7,"KAISHEK, HAAN"
2706,7,KALUU
2756,7,"KELLEHER, MARY"
2777,7,KHOON
2873,7,"KRAGG, GEN."
2879,7,KRANG II
2917,7,KUROYAMA
2994,7,"JESSUP, DR."
3034,7,"JONES, RICARDO"
3043,7,JORNICK
3063,7,"JUNIPER, JONATHAN JU"
3075,7,LA BANDERA
3125,7,"LEASH, MICAH"
3203,7,"LITTLETREE, LINDA"
3221,7,LOBO II
3225,7,"LOBO, LUCKY"
3266,7,LORD KARNAJ
3275,7,"LOVECCHIO, ARGUS"
3276,7,"LOVEJOY, FRANKLIN"
3287,7,LUDI
3289,7,LULLABY/FELICITY HOP
3309,7,M'KAMBA
3324,7,"MACKENZIE, DR. NEIL"
3352,7,"MADSDEN, TREVOR"
3394,7,MALICE
3414,7,MAN-SPIDER CLONE | M
3433,7,"MANNING, ERIKA"
3442,7,"MANTLO, BILL"
3444,7,MANX
3480,7,"MARTINEZ, AKASHA"
3485,7,"MARTINEZ, MR."
3548,7,MAXXAM
3557,7,"MCCORMICK, BARRY"
3607,7,MELTER II/BRUNO HORG
3745,7,"MONTGOMERY, SIR BERN"
3769,7,"MORAN, KEVIN"
3839,7,"MUNDY, SHANE"
3874,7,N'GASSI
3892,7,NANABOZHO
3928,7,NEUROTAP/MICHELLE BA
3973,7,"NITAL, DR."
3983,7,NOMAD II/EDWARD FERB
4016,7,NUNTOO
4054,7,"OLAFSON, ERIC"
4081,7,ORPHAN
4098,7,OTOMO
4103,7,OUTRIDER II/MARTIN Z
4108,7,OWAYODATA
4123,7,"PACKER, ARTIE"
4131,7,PAKAI
4145,7,"PARADY, CAPT. RONALD"
4152,7,"PARKER, HORACE"
4172,7,"PATILIO, MARIE"
4177,7,PAVANE
4227,7,PHARAOH KHAFRE
4310,7,POWDERKEG/FRANK SKOR
4311,7,POWDERKEG II
4344,7,"PRIMO, ALEXIS"
4351,7,PRINCESS NEPTHYS/SAN
4474,7,RADIOACTIVE MAN II/D
4537,7,"RASPUTIN, LUCIFER"
4552,7,"RAVEN, SABBATH"
4572,7,RAZORFIST IV/MARCO S
4634,7,REVELATION
4717,7,ROCKWALL
4791,7,"RYCHENKO, MAJ. VALEN"
4832,7,"SANADA, KONO"
4858,7,SARIEL
4890,7,SCAR THE STALKER/BRI
4900,7,"SCARLOTTI, MICHAEL J"
4901,7,"SCARLOTTI, MRS."
4907,7,"SCHEELE, STEPHANIE"
4941,7,"SCRIPPS, LAHOYA"
4977,7,SERPENTYNE
5001,7,SHADOWCASTER/
5018,7,"SHANE, BRIDGIT"
5031,7,SHARYD/CONAL
5049,7,SHE-WOLF/PAULETTE BR
5067,7,"SHIPPINSKY, MALIK"
5074,7,SHOCKWAVE ROBOT
5081,7,SHOTGUN II/WALKER
5083,7,SHREEVE
5129,7,"SIMMONS, ARCHIE"
5289,7,"SPAULDING, JILL"
5318,7,SPIRAL II/ESTELLE GE
5324,7,SPLICE II/
5328,7,SPORE
5361,7,"STAHL, VERONICA"
5394,7,"STARK, MARIA CARBONE"
5418,7,STELLARAX
5450,7,"STITHY, THEODORE"
5463,7,STONE-FACE
5609,7,TAKAR
5631,7,TANTRUM/
5637,7,TAREE
5765,7,THUNDERBOLT II/LUIS
5797,7,TITANIUM MAN III/BOR
5803,7,"TOFIELD, FRANCESCA"
5810,7,"TOLLIVER, EMMA"
5816,7,TOMAZOOMA II
5889,7,TUATARA/COMMANDER AR
5898,7,TUPA
5937,7,ULTIMA
5956,7,UNICORN II/
6110,7,WALKER
6117,7,WALRUS
6149,7,"WATANABE, EMMALINE B"
6150,7,"WATANABE, YUJI"
6188,7,WENDIGO/PAUL CARTIER
6193,7,WENDIGO VI/LARRY
6209,7,WHIRLWIND II/DAVID C
6276,7,"WINGFOOT, WYATT II"
6325,7,WORD
6385,7,"YORK, SANDY"
6454,7,ARROW
6462,7,"KEMPLETON, PROFESSOR"
6466,7,MASTER TWELVE
6476,7,SKARLET
6477,7,VIGILANT/PSTUN-RAGE
12,6,ABOMINATRIX
22,6,ACROBAT/CARL ZANTE
78,6,"ALBUQUERQUE, JEREMIA"
95,6,AMAZO-MAXI-WOMAN/
139,6,"ANGELOPOULOS, ANGEL "
177,6,APPALLA
312,6,BAAL II
313,6,BACILLUS
474,6,"BETELHEIM, NORMA"
511,6,BLACK DEATH/DR. IVAN
532,6,BLACK MOUNTAIN/KUROY
643,6,BOND
648,6,BOOKWORM/NELSON GRUB
682,6,BRAHMANES
691,6,"BRANDEIS, LIZ PARRIS"
692,6,"BRANDEIS, PROF. HENR"
734,6,BROTHERS GRIMM
777,6,"BURGOS, CARL"
836,6,"CALLAHAN, MIKE"
878,6,CAPTAIN RECTITUDE
889,6,"CARDENAS, PACO"
916,6,CARRION III/DR. WILL
949,6,"CAULDER, SAFRON"
951,6,CELESTE
1042,6,CHLOE
1066,6,"CLARIS, SVEN"
1110,6,COLD WARRIOR
1112,6,COLDHEART
1119,6,COLLETTE
1137,6,COMMANDER BLAZE
1154,6,"CONROY, KAREN"
1170,6,COPPERHEAD/LAWRENCE 
1219,6,CRIME-WAVE/HOLLIS
1227,6,CRIMSON DYNAMO/PROF.
1248,6,CROSSBONES II/
1261,6,CRUSHER/EL PROFESSOR
1271,6,"CURSON, LT. TARA"
1272,6,"CURZON, DETECTIVE IN"
1308,6,D'KAY
1322,6,DAI-KUMO
1359,6,DARK HUNTER
1371,6,"DARLEGUNG, GEN."
1393,6,DEADEYE/
1447,6,DEMITRIUS
1492,6,DEX
1501,6,"DIAMOND, KATHY"
1549,6,DOMINO
1555,6,"DON, GAI NO"
1663,6,"DUNER, MAJOR"
1665,6,"DUNLEAVY, GEN. ARLEN"
1669,6,"DUVALL, SNAKY"
1717,6,ELECTRA
1738,6,ENCHANTER
1907,6,FIXER/SWEENEY
1953,6,FOOLKILLER III/KURT 
2001,6,"FROST, DEACON"
2009,6,"FULLERTON, MARY ELLE"
2038,6,GALTUS
2039,6,"GALVIN, TOMMY"
2097,6,"GEESEY, KARL"
2136,6,"GILMORE, BERT"
2149,6,GLITCH/CHARLES J. AM
2172,6,"GOLDFARB, AARON"
2177,6,GOLEM III
2233,6,GRENDEL'S MOTHER
2264,6,GROTTU
2281,6,GUINNESS
2304,6,"HAGER, GENERAL"
2313,6,HALFLIFE
2363,6,HARRIER
2384,6,HATE-MONGER II
2415,6,HEATER DELIGHT
2437,6,HELLSPAWN
2486,6,HO YINSEN
2509,6,"HOLDSWORTH, PARKER"
2512,6,"HOLLISTER, SHERIFF"
2543,6,"HUDDLESTON, PROF."
2568,6,HUNGYR
2612,6,"IGOE, MAX"
2668,6,IRON MAN ARMOR
2722,6,KARIMA
2774,6,KHAT
2781,6,KID/E.B. FARRELL
2918,6,KURRGO
2922,6,KWANNON
2936,6,JACKKNIFE/JACK COLE
3042,6,"JORDAN, HAL"
3068,6,"JUSTIN, GLORIA"
3090,6,"LANDERS, DR."
3163,6,LEVIATHAN
3218,6,"LO, JIMMY"
3232,6,LOCKHEED | MUTANT X-
3243,6,LOGOS
3267,6,LORD LEADER
3312,6,M-80/SAYURI KYOTO
3316,6,"MACENDALE, JASON JR."
3317,6,"MACENDALE, KAREN"
3438,6,MANT/ERNEST
3486,6,"MARTINEZ, MRS."
3572,6,"MCKENZIE, LEONARD"
3604,6,"MELLACE, TONY"
3643,6,METOXO
3671,6,MIND'S EYE/MEACHAM
3699,6,MISS THING/MARY
3710,6,MOBIUS
3772,6,"MORDO, ASTRID"
3782,6,MORLUN
3811,6,MR. FX/
3842,6,"MUNOZ, CARLOS"
3848,6,"MURDOCK, BATTLING JA"
3862,6,MYCROFT
3881,6,NAILS II/JOANIE EATO
3966,6,"NILES, SEN. CATHERIN"
3970,6,NINGAL
4022,6,NZAGA
4059,6,"OLLSEN, BO"
4086,6,"OSBORN, EMILY"
4119,6,P
4128,6,PAIN
4138,6,PANTHER CUB/
4165,6,PARSON/
4221,6,"PEYER, DANNY"
4258,6,"PINKERTON, RUDY"
4275,6,PLASMA/
4308,6,"POTTS, VIRGINIA PEPP"
4409,6,PULSE II/
4429,6,Q
4488,6,"RAINTREE, VIVIAN"
4489,6,RAKESH
4622,6,RELAY
4637,6,"REVER, BRAD"
4638,6,"REVER, DAN"
4676,6,"RILEY, KIM"
4677,6,"RILEY, MARIEL"
4706,6,"ROBERTSON, PROF. BOB"
4736,6,"ROMANOV, MICKEY"
4750,6,"ROSE, MICHKA"
4761,6,"ROSSIN, DR."
4825,6,SAMA-D
4845,6,SANDY
4902,6,"SCARPETTI, ALPHONSE"
4951,6,SECOND/ALECTO
5000,6,SHADOW-HAND/LI CHUN
5036,6,"SHAW, ESAU"
5038,6,"SHAW, JACOB"
5054,6,"SHEPPARD, JOAN ACE"
5087,6,SHRINE
5108,6,SILENCER
5111,6,SILICON/GERALD SIMMS
5135,6,"SIMS, EZEKIEL"
5167,6,"SKIN, NYLA"
5168,6,SKINNER
5171,6,SKUL/JOHN SKULINOWSK
5181,6,SLADE
5195,6,SLICK
5277,6,SOULFIRE/JASON MALDO
5314,6,SPIKE
5376,6,"STANLEY, TOM"
5424,6,STERLING
5494,6,STRONTIUM-90/
5530,6,SUN-TAO
5565,6,SUZIE
5571,6,SWIFT/
5577,6,SWORDSMAN IV/
5582,6,SYNARIO/ANGELA BRADF
5619,6,TALOS
5811,6,"TOLLIVER, MELBA"
5867,6,TRI-SENTINEL
6011,6,"VAZIR, DR."
6032,6,VESPER
6062,6,VIRTUAL REALITY
6133,6,WARFARE/
6135,6,WARGOD/MORA HAGER
6176,6,"WEASON, SENATOR"
6198,6,"WESSEL, HARRY"
6211,6,WHISPER II/
6231,6,WHYTEOUT/STUART ANTH
6468,6,"MILLER, JENETTE"
1,5,24-HOUR MAN/EMMANUEL
20,5,ACHILLES
41,5,AGAMEMNON
71,5,AKULIA
73,5,AL-KHALAD
119,5,"ANDERSON, BAXTER"
143,5,ANIELLE
202,5,ARIANE
305,5,AZOR
311,5,BAAL
345,5,"BAPTISTE, TANTE MATT"
460,5,"BERMAN, ADAM"
529,5,BLACK MARIAH
531,5,BLACK MORAY
560,5,BLACKWELL
563,5,"BLACKWOOD, JENNY"
618,5,BLOODY MARY
680,5,"BRADLEY, JESSICA"
703,5,BREEGAN
766,5,BULL
810,5,BYRRAH | HEROES REBO
882,5,CAPTAIN UNIVERSE/STE
922,5,"CARTER, SHARON II"
925,5,CARVER
1035,5,"CHIANG, PROF."
1104,5,"COFFIN, RAY"
1141,5,COMPUTO
1201,5,"COWAN, EARL"
1221,5,CRIMEWAVE/
1228,5,CRIMSON DYNAMO II/BO
1236,5,CRITICAL MASS
1245,5,"CROSS-WALLACE, SIR G"
1270,5,CURSED LOTUS
1445,5,DEMEITYR
1494,5,"DEZOAN, JOHN"
1502,5,DIAMONDBACK
1550,5,DOMINO II
1578,5,DOVINIA
1589,5,DR. GOODWRENCH
1590,5,DR. HYDRO
1606,5,DR. STRANGER YET
1624,5,DRAGONHEAD
1658,5,"DUGAN, TIMOTHY ALOYI"
1667,5,DUSK
1679,5,ECHO/MAYA LOPEZ
1690,5,EEL III
1769,5,"ESSEX, REBECCA"
1793,5,EXITAR
1899,5,"FISHMAN, DR. JONATHA"
1973,5,"FOX, PHIL"
1978,5,FRANKENSURFER/BORGO
2006,5,FUGUE
2017,5,"FURY, NICK II"
2061,5,GAR-TOOM
2071,5,GARM
2179,5,"GONZALEZ, RAYMOND"
2202,5,"GRANT, GATOR"
2223,5,"GREEN, ARNIE"
2224,5,"GREEN, JAMES"
2353,5,"HARKNESS, ABIGAIL"
2361,5,"HARR, DR."
2377,5,HASSAN
2418,5,HECTOR
2433,5,"HELLER, ERIC"
2434,5,HELLFIRE/MIKAL DRAGO
2462,5,"HIGGINS, JANE"
2463,5,"HIGGINS, LINDA"
2464,5,"HIGGINS, RICHIE"
2579,5,"HURDLER, THOMAS"
2610,5,IDRIS
2697,5,"KAISHEK, YOLYN"
2775,5,KHATYLIS
2854,5,"KOLE, JOHN"
2855,5,"KOLE, MICHELLE"
2856,5,KOLOMAQ
2932,5,JACK SERIOUS/DR. JOH
2965,5,JANUS II
3000,5,JEXIA
3057,5,JUDE
3123,5,LEAP FROG/LANG
3137,5,LEESHA
3138,5,"LEFLER, BOB"
3142,5,LEGION
3154,5,LEONINUS
3170,5,LEVITICUS
3273,5,LORVEX
3332,5,MAD VIKING/KNUT CAIN
3377,5,"MAHONEY, GINNY"
3460,5,MARKED MAN
3494,5,MARVEL BOY VIII/NOH-
3503,5,"MASON, JOHN"
3568,5,"MCHELE, JEREMY"
3579,5,"MCNAIR, TAD"
3659,5,MIDWIFE
3687,5,MINOTAURUS
3692,5,MIRAGE III/MARGE
3715,5,"MODINE, REP. BERNARD"
3748,5,"MOODY, RUNYAN"
3810,5,MR. FEAR V/
3820,5,MR. SCRATCH
3838,5,"MUMM, MAX"
3880,5,NAILS/
3887,5,NAMELESS ONE II
3921,5,NEPHRI
3946,5,NIGHT PHANTOM II
3978,5,NOBLE
3992,5,NOSFERATA/PURPLE HAY
4117,5,"OZ, DR. MALACHI"
4129,5,"PAINE, DR."
4148,5,"PARETTI, TONY"
4176,5,"PATTON, JESS"
4225,5,PHANTOM EAGLE
4260,5,PINTA
4278,5,PLEX INTELLIGENCE
4339,5,PRETTY LARRY
4408,5,PULSE/
4416,5,PUNISHER/FRANK CASTL
4547,5,RAVEN
4569,5,RAZORFIST
4587,5,RECOIL/
4619,5,"REISS, JACOB"
4693,5,RIPSTER
4796,5,"RYKER, MAJOR SIMON"
4813,5,SAHREED
4943,5,SCYLLA
4948,5,SEAWEED MAN
4992,5,SHAARA
4999,5,SHADOW QUEEN/SHIALMA
5037,5,"SHAW, HIRAM"
5040,5,"SHAW, OBADIAH"
5042,5,"SHAW, SARAH"
5116,5,SILVER FOX/BAYAN
5126,5,"SILVERCLOUD, SAM"
5151,5,SISTER KATRINA
5183,5,SLAMBEAUX
5215,5,SMASHER V
5263,5,SOMBRE
5267,5,SOMON
5301,5,"SPERZEL, ANTON"
5341,5,SSS'LETHCOTT
5364,5,STALKER
5368,5,"STAMP, J.Q."
5429,5,"STERNBERG, DR. BERTH"
5430,5,"STEVENS, DR. VINCENT"
5453,5,"STOKER, OLIVIER"
5520,5,SUICIDE/CHRIS DANIEL
5551,5,SUPER-PATRIOT
5560,5,SURGEON GENERAL/ANGE
5578,5,SYBIL
5650,5,"TAUREY, SIR WILLIAM"
5750,5,THOUSAND
5754,5,THREETREES
5774,5,"TIERS, MICHELLE"
5832,5,TORPEDO
5896,5,TUNDRA
5906,5,TUVO
5909,5,TWIT
5928,5,TYRUS KRILL
5934,5,ULARA
5944,5,ULYSSES
5953,5,UNDERTOW
6024,5,"VERMICELLI, GIANNI"
6157,5,"WATKINS, MELODY"
6158,5,"WATKINS, STEVIE"
6210,5,WHISPER/
6221,5,"WHITE, JONATHAN"
6226,5,"WHITMAN, PATRICIA"
6237,5,"WIGGINS, TRACY"
6246,5,WILD TIGER/DENG LING
6263,5,"WILMOTT, DR. KEITH"
6264,5,"WILSON, DUBOSE"
6270,5,WINDSTORM/
6318,5,"WOO, CHOW YUN"
6320,5,"WOO, MAI YIN"
6329,5,"WORTHINGTON, ELIZABE"
6331,5,"WORTHINGTON, MAJOR G"
6354,5,X-RAY II/
6369,5,YAYAUHCO
6404,5,ZAKKA
6431,5,ZET
6456,5,BROTHER AXE
6459,5,G'RATH
6480,5,WARR
29,4,"ADAMSON, JASON"
30,4,"ADAMSON, REBECCA"
104,4,AMPERE/
287,4,AVATAR II/PRINCESS A
335,4,"BANK, IRVING"
414,4,"BECKMAN, CHARLES"
415,4,"BECKMAN, JOSEPH"
416,4,"BECKMAN, LISA"
417,4,"BECKMAN, SARAH"
437,4,BENAZA
480,4,BI-BEAST
503,4,BIZEN
573,4,"BLANDING, ANDREW"
574,4,"BLANDING, HALEY"
575,4,"BLANDING, MRS."
674,4,"BRADDOCK, ELIZABETH"
686,4,BRAINSTORM/
699,4,BRAWLER
706,4,"BREWER, DR. MELINDA"
741,4,"BRUKNER, DR. FRANK"
844,4,"CAMPBELL, VALERIE"
870,4,CAPTAIN GLORY
980,4,"CHAKARA, MADAN"
1028,4,"CHEN, JOANNA"
1090,4,CLUSTER
1174,4,"COPPERSMITH, ALFRED"
1267,4,CUEBALL/
1300,4,CYPRESS/
1327,4,DAMAGE
1387,4,"DE LA SALLE, BEATRIC"
1541,4,DOGGEREL
1598,4,DR. POWER/DR. MAXIMU
1625,4,"DRAGONMEGAS, JESSIE"
1654,4,DUCHARME
1792,4,EXILE
1938,4,FLYNN
1956,4,"FORD, GERALD"
1972,4,"FOWLER, RED"
1982,4,FREAK QUINCY
2010,4,"FULLERTON-SMITH, CAS"
2050,4,GAMMA-BURN/
2068,4,GARGOYLE/IGOR DRENKO
2095,4,"GEDDINGS, JUDITH GHO"
2101,4,"GELLER, URI"
2243,4,GRIFFIN
2274,4,GUARDIAN III
2322,4,"HAMILTON, PAUL"
2366,4,"HARRINGTON, PRINCIPA"
2420,4,"HEDERMAN, LOTTIE"
2470,4,"HILDEBRANT, DR."
2516,4,"HONDA, DR."
2519,4,HOO
2527,4,"HOSEK, BULL"
2595,4,HYPERTRON/CHESTER
2596,4,HYPERTRON II/STURDEV
2633,4,"INES, DR. DIDIER"
2635,4,INFERNO
2712,4,"KANE, LARRY"
2733,4,KARSANO
2735,4,KASEMA
2737,4,KASTYX
2753,4,KEEVER
2883,4,"KRAY, D'VON"
2891,4,"KREIGKOPH, GEN."
2912,4,KURAGARI
2944,4,"JACOBY, KYLE"
2968,4,"JARDINE, AMANDA"
3119,4,LAYLA
3147,4,"LEIGHTON, BRIAN"
3167,4,LEVIATHAN VI
3242,4,"LOGAN, WAYNE"
3253,4,"LOOPNER, LEXINGTON"
3257,4,"LOPEZ, DONNA"
3286,4,"LUCIFER, REV."
3299,4,LUPE
3343,4,MADAME SLAY
3348,4,"MADDICKS, NADINE"
3395,4,MALICE II
3434,4,"MANNING, JANICE"
3487,4,MARTINS
3493,4,MARVEL BOY VII/DAVID
3524,4,MASTERBLASTER/
3613,4,"MENDOSA, EMILIO"
3631,4,"MERIDIAN, DR. ROBERT"
3634,4,MERREE
3675,4,MINDSTORM/
3707,4,"MITCHELL, ROBERT"
3719,4,MODULAR MAN/STEPHEN 
3742,4,MONTENEGRO
3792,4,"MOSLEY, WARDEN"
3815,4,MR. LUCK/RAMON GARCI
3886,4,NAMELESS ONE
3900,4,NAUTILUS
3937,4,"NICHOLS, LORNA"
3988,4,"NORTH, RICKY"
4111,4,OX II/DR. KARL STRAG
4178,4,PAVANE II
4209,4,PERSEPHONE II
4224,4,PHANTOM
4232,4,"PHILIPS, PHILIP"
4265,4,PIRANHA II/
4327,4,POWERHOUSE II/
4412,4,PUMPKIN
4449,4,"QUENTIN, RALPH"
4472,4,"RADD, FENNAN"
4568,4,RAZORBLADE II/
4574,4,RAZORWIRE
4691,4,RIP
4699,4,"RIVERA, MS."
4715,4,ROCKET RACER II/
4719,4,RODOR
4766,4,ROULETTE/DUDE JENSEN
4940,4,SCRIER JR.
4942,4,SCUZZ
4957,4,SEETAH
5006,4,SHADOWOMAN/JILLIAN W
5090,4,SHUMA-GORATH
5176,4,SKY-WALKER
5186,4,SLAUGHTER
5188,4,"SLAVINSKI, SALLY"
5196,4,SLIDE
5221,4,"SMITH, DAPHNE"
5299,4,SPELLBINDER/ERICA FO
5417,4,"STEIN, EMIL"
5481,4,STRIKER
5483,4,"STRINGER, AMY"
5513,4,STYX II
5521,4,"SUKHAROV, DIMITRI"
5522,4,"SUKHAROV, VIKTORIA"
5531,4,SUNDANCE
5559,4,SURGE
5676,4,"TENKO, CARTER"
5724,4,"THOMAS, BECKY"
5789,4,TINAC
5833,4,TORPEDO II/MICHAEL S
5843,4,TRACER
5895,4,"TUMOLO, DR. JOANNE"
6016,4,VEGA-SUPERIOR
6053,4,"VINYL, MILO"
6078,4,VOID-EATER
6081,4,VOLK/ILYA DUBROMOVIT
6142,4,WARP SAVANT
6200,4,"WESTON, SALLY"
6248,4,WILDPRIDE/KYLLIAN
6262,4,WILLIS
6282,4,"WISDOM, HAROLD"
6465,4,MASTER FOUR
6470,4,MOURNING PREY
42,3,AGAMEMNON II/ANDREI 
113,3,ANANASTASIA/ANNA
135,3,ANGEL II/THOMAS HALL
146,3,ANIMUS
200,3,"ARGOSY, HERVE"
253,3,ASTROLOGER/
309,3,B'GON
497,3,"BIRD, TUESDAY"
571,3,"BLAKE, EMILY"
598,3,BLOCKBUSTER II
609,3,BLOODSHED/WYNDELL DI
614,3,"BLOODVESSEL, BUSTA"
719,3,BROKEN MAN
744,3,BRUNO
770,3,BULLSEYE
939,3,CAT IV
1101,3,COCO
1126,3,COLOSSUS
1193,3,COTTONMOUTH
1262,3,CRUSHER II/JUAN APON
1296,3,CYLLA
1349,3,DAREDEVIL DOPPELGANG
1413,3,DEATHLOK III DOPPELG
1473,3,DEVASTATOR/KIROV PET
1491,3,"DEWOLFF, MEREDITH"
1497,3,DIAMOND HEAD
1509,3,"DICHINSON, RICKY"
1562,3,"DOOM, DR. BOB"
1655,3,"DUCRESTE, ABRIAN"
1701,3,"EISMAN, BETTY"
1711,3,EL TORO ROJO
1713,3,EL VAMPIRO
1786,3,EXECUTIONER
1813,3,"FALSWORTH, KENNETH"
1820,3,FANG
1833,3,"FAVERSHAM, DAPHNE"
1920,3,"FLEET, JONAS"
1921,3,"FLEET, TAMARA"
1960,3,FORGE | EARTH 998
2118,3,GESTALT
2230,3,"GREGORY, TODD"
2312,3,HALF-FACE
2364,3,"HARRIGAN, CHESTER CH"
2380,3,HATCHET-9
2402,3,"HAWKINS, DR. EDWIN E"
2473,3,"HILL, GEORGE"
2501,3,"HOFFMAN, ALICE"
2741,3,KATHAR
2748,3,"KAZAKI, SHINJI"
2757,3,"KELLOG, SHERIFF L.B."
3070,3,JUTTA
3077,3,LACE/
3087,3,"LANCELOT, SIR"
3126,3,LEATHER/
3247,3,LONGARM/
3285,3,LUCIFER II
3321,3,"MACKAY, AILSA"
3322,3,"MACKAY, MURDO"
3450,3,MARCHALLA
3451,3,MARCHALLA II
3533,3,MASTIFF
3534,3,"MASTIFF, MINNIE"
3583,3,"MCSHANE, PATRICK"
3685,3,MINOTAUR II
3876,3,NAGA
3940,3,NICODEMUS
3953,3,NIGHTEYES/ERIC
4030,3,"O'HARA, GERALD"
4099,3,OUBLIETTE/
4216,3,"PETERS, NIGEL"
4248,3,"PIERSON, FRED"
4478,3,RAGA
4479,3,RAGA-SHAH
4530,3,RAPTAR
4579,3,REAPER
4581,3,REAVER/JOSHUA STRAGG
4753,3,"ROSENBERG, ANNIE"
4779,3,"RUIZ, DR. BERNARDO"
4856,3,SARACEN
4917,3,SCORCH/TOMMY NG
5011,3,SHALLA BAL
5015,3,SHAMAN III
5140,3,"SINGER, MERLE"
5174,3,SKULLCRASHER/
5437,3,"STILES, TATJANA"
5442,3,STINGER/
5538,3,SUNSET GRACE
5580,3,SYLPH
5588,3,"SZARDOS, STEFAN"
5597,3,TABUR
5639,3,TARGET
5753,3,THREE-FACE
5859,3,"TRAVERS, MIKE"
5941,3,ULTRA-MAX
5969,3,URCHALLA
5998,3,VANESSA
6026,3,VERMIN II
6035,3,VIBRANIA/SHARA
6191,3,WENDIGO IV/MICHAEL F
6401,3,ZABO
6481,3,DETHSTRYK
6482,3,FORTUNE
6483,3,SEERESS
6484,3,STORMER
6485,3,TIGER WYLDE
6486,3,ZONE
52,2,AGGAMON
60,2,AI-CHIA
62,2,AIR WALKER/ARLO SAMU
161,2,ANTIQUARY/
304,2,AZOPARDI
360,2,BARON SAMEDI
418,2,"BEDFORD, BRAD HULK"
537,2,BLACK RAZER
539,2,BLACK TALON/DESMOND 
541,2,BLACK TALON III
572,2,"BLAKE, KENT"
605,2,BLOOD-TIDE
728,2,BROTHER STEPHEN
1113,2,"COLE, LYNETTE"
1153,2,"CONRAD, LUTHER DUTCH"
1171,2,COPPERHEAD II/
1255,2,"CROWLEY, SEN."
1328,2,DAMBALLAH
1529,2,DISTORTER
1546,2,"DOMANI, DINO"
1656,2,"DUFFY, SGT. MIKE"
1661,2,"DULTRY, MARGARET"
1925,2,"FLINN, LANCELOT LANC"
1951,2,FOOLKILLER/ROSS EVER
2161,2,GODWULF
2231,2,"GREICO, LINDA"
2261,2,"GROSS, CLIFFORD"
2416,2,HECATE
2705,2,KALMARI
2772,2,KHAN
2812,2,KINGSIZE
2829,2,"KLEIN, SUMMER"
2872,2,KRAGG
2925,2,KYSA
2970,2,"JARMAN, TOMMY"
3268,2,LORD OF LIGHT/BOWEN
3270,2,LORD YARU
3526,2,MASTERMIND II/BOWERS
3541,2,MAX
3577,2,MCLEISH
3647,2,"MICHAELS, DAWN"
3677,2,MINDWORM/WILLIAM TUR
3809,2,MR. FEAR IV/ALAN FAG
3823,2,MR. SINISTER | AOA
3901,2,NAVARRO
3945,2,NIGHT PHANTOM/TRAVIS
4037,2,"O'SHAUGNESSY, COLLEE"
4141,2,PAPA NEBO
4179,2,PAYBACK/
4217,2,"PETERS, SHANA TOC"
4255,2,"PILLMAN, JIM"
4328,2,POWERHOUSE IV/
4342,2,PRIMAX/JAROMEL
4379,2,PROTO-GOBLIN/VAN ADD
4531,2,RAPTOR/PAUL HAZLETT
4535,2,RASCAL/
4735,2,"ROMANO, TONY"
4790,2,"RYANS, JIM"
4817,2,"SAINT, AMANDA"
4831,2,SAMURAI STEEL/YOSHID
4833,2,"SANCHEZ, DET. LOUISA"
4850,2,"SANTOS, JOSE"
4851,2,"SANTOS, MARIO"
4895,2,SCARLET BEETLE
5205,2,"SLUGANSKI, ERNIE"
5211,2,SMASHER
5216,2,SMEDLEY
5244,2,SNIPER/VON BURIAN
5320,2,SPITE/
5340,2,SQUIRREL GIRL/
5393,2,"STARK, ISAAC"
5414,2,STEEPLEJACK
5441,2,"STILWELL, RON"
5499,2,"STRUNK, BELLA"
5537,2,SUNSET
5586,2,SYRRH
5688,2,TERRIGENE
5693,2,TETHERBLOOD/
5850,2,TRAPSTER II/LARRY CU
5866,2,TREVORIK
6153,2,WATCHLORD/
6268,2,WINDEAGLE/HECTOR SAN
6292,2,WIZARD OF THE WEST
6305,2,"WOLMAN, GIDEON"
6340,2,WRECKER II
6421,2,ZEAKLAR
306,1,AZRAEL
620,1,BLOWTORCH/
869,1,CAPTAIN FATE
982,1,CHAKRA II
1073,1,CLASS CLOWN/GLASS
1167,1,"COOPER, TERI"
1200,1,"COVEY, LAWRENCE K."
1311,1,D'SPRYTE
1460,1,DESADIA
1615,1,"DRAGO, VALERIE"
1684,1,EDITOR
1726,1,"ELLINGTON, DR./TRAVI"
1840,1,"FELDSTADT, DR. HANS"
1877,1,FIREBOLT
1890,1,FIREFLY II
1945,1,"FONG, KATY"
2042,1,GAMBIT DOPPELGANGER 
2072,1,GARNOK REBBAHN
2154,1,GLORIOLE
2176,1,GOLEM II
2180,1,GOOM
2216,1,GREASE
2485,1,HO TI
2532,1,"HOUSTON, LT. COMMAND"
2914,1,"KURLYCHEK, PATTY"
3447,1,MARAUDER II
3462,1,"MARKS, DR. SHIELA"
3465,1,"MARLOPOLIS, EDGAR"
3518,1,MASTER OF VENGEANCE
3793,1,MOTH/
3856,1,"MURRAY, WILLIAM T. B"
3967,1,NIMROD
4168,1,PAST MASTER/PROFESSO
4184,1,PEACEMONGER/
4259,1,"PINKWATER, ELLA"
4364,1,PROFESSOR GIBBON/
4439,1,QUASAR
4692,1,RIPPER/DR. JACQUELIN
4819,1,SAJA
4844,1,SANDSTORM/
4916,1,SCOPE
5039,1,"SHAW, MILDRED"
5189,1,SLAYER/
5246,1,SNOW QUEEN/GITTE
5286,1,"SPARROW BEAR, MELLIS"
5381,1,STAR THIEF/
5409,1,STEEL SPIDER/OLLIE O
5425,1,"STERLING, SID"
5545,1,SUNTURION II/MIKE ST
5703,1,THANADEMOS
5949,1,UNCEGILA
6044,1,VIGIL
6052,1,VINDIKTOR/
467,0,BERSERKER II
577,0,BLARE/
835,0,"CALLAHAN, DANNY"
1089,0,CLUMSY FOULUP
1408,0,DEATHCHARGE
1841,0,FENRIS
2117,0,"GERVASE, LADY ALYSSA"
2139,0,"GIURESCU, RADU"
2911,0,KULL
3014,0,"JOHNSON, LYNDON BAIN"
3298,0,LUNATIK II
3489,0,MARVEL BOY/MARTIN BU
3490,0,MARVEL BOY II/MARTIN
4517,0,RANDAK
4602,0,RED WOLF II
4784,0,RUNE
4945,0,SEA LEOPARD
5028,0,SHARKSKIN
6411,0,ZANTOR
